date,order_code,Face_Masks_Required_in_Public,Source_of_Action,Citation,COUNTYFP,confirmed_cases,index,NEVER,RARELY,SOMETIMES,FREQUENTLY,ALWAYS
2020-05-17,2,No,,,32003,5366,1748,0.027,0.032,0.054,0.145,0.742
2020-05-18,2,No,,,32003,5463,1748,0.027,0.032,0.054,0.145,0.742
2020-05-19,2,No,,,32003,5463,1748,0.027,0.032,0.054,0.145,0.742
2020-05-20,2,No,,,32003,5650,1748,0.027,0.032,0.054,0.145,0.742
2020-05-21,2,No,,,32003,5734,1748,0.027,0.032,0.054,0.145,0.742
2020-05-22,2,No,,,32003,5815,1748,0.027,0.032,0.054,0.145,0.742
2020-05-23,2,No,,,32003,5815,1748,0.027,0.032,0.054,0.145,0.742
2020-05-24,2,No,,,32003,6140,1748,0.027,0.032,0.054,0.145,0.742
2020-05-25,2,No,,,32003,6182,1748,0.027,0.032,0.054,0.145,0.742
2020-05-26,2,No,,,32003,6226,1748,0.027,0.032,0.054,0.145,0.742
2020-05-27,2,No,,,32003,6287,1748,0.027,0.032,0.054,0.145,0.742
2020-05-28,2,No,,,32003,6352,1748,0.027,0.032,0.054,0.145,0.742
2020-04-10,2,No,,,32003,2144,1748,0.027,0.032,0.054,0.145,0.742
2020-04-11,2,No,,,32003,2144,1748,0.027,0.032,0.054,0.145,0.742
2020-04-12,2,No,,,32003,2324,1748,0.027,0.032,0.054,0.145,0.742
2020-04-13,2,No,,,32003,2444,1748,0.027,0.032,0.054,0.145,0.742
2020-04-14,2,No,,,32003,2509,1748,0.027,0.032,0.054,0.145,0.742
2020-04-15,2,No,,,32003,2559,1748,0.027,0.032,0.054,0.145,0.742
2020-04-16,2,No,,,32003,2559,1748,0.027,0.032,0.054,0.145,0.742
2020-04-17,2,No,,,32003,2738,1748,0.027,0.032,0.054,0.145,0.742
2020-04-18,2,No,,,32003,2882,1748,0.027,0.032,0.054,0.145,0.742
2020-04-19,2,No,,,32003,2940,1748,0.027,0.032,0.054,0.145,0.742
2020-04-20,2,No,,,32003,2998,1748,0.027,0.032,0.054,0.145,0.742
2020-04-21,2,No,,,32003,3099,1748,0.027,0.032,0.054,0.145,0.742
2020-04-22,2,No,,,32003,3218,1748,0.027,0.032,0.054,0.145,0.742
2020-04-23,2,No,,,32003,3314,1748,0.027,0.032,0.054,0.145,0.742
2020-04-24,2,No,,,32003,3443,1748,0.027,0.032,0.054,0.145,0.742
2020-04-25,2,No,,,32003,3570,1748,0.027,0.032,0.054,0.145,0.742
2020-04-26,2,No,,,32003,3665,1748,0.027,0.032,0.054,0.145,0.742
2020-04-27,2,No,,,32003,3717,1748,0.027,0.032,0.054,0.145,0.742
2020-04-28,2,No,,,32003,3793,1748,0.027,0.032,0.054,0.145,0.742
2020-04-29,2,No,,,32003,3891,1748,0.027,0.032,0.054,0.145,0.742
2020-04-30,2,No,,,32003,3979,1748,0.027,0.032,0.054,0.145,0.742
2020-05-01,2,No,,,32003,4118,1748,0.027,0.032,0.054,0.145,0.742
2020-05-02,2,No,,,32003,4225,1748,0.027,0.032,0.054,0.145,0.742
2020-05-03,2,No,,,32003,4274,1748,0.027,0.032,0.054,0.145,0.742
2020-05-04,2,No,,,32003,4411,1748,0.027,0.032,0.054,0.145,0.742
2020-05-05,2,No,,,32003,4408,1748,0.027,0.032,0.054,0.145,0.742
2020-05-06,2,No,,,32003,4473,1748,0.027,0.032,0.054,0.145,0.742
2020-05-07,2,No,,,32003,4573,1748,0.027,0.032,0.054,0.145,0.742
2020-05-08,2,No,,,32003,4573,1748,0.027,0.032,0.054,0.145,0.742
2020-05-09,2,No,,,32003,4704,1748,0.027,0.032,0.054,0.145,0.742
2020-05-10,2,No,,,32003,4750,1748,0.027,0.032,0.054,0.145,0.742
2020-05-11,2,No,,,32003,4762,1748,0.027,0.032,0.054,0.145,0.742
2020-05-12,2,No,,,32003,4869,1748,0.027,0.032,0.054,0.145,0.742
2020-05-13,2,No,,,32003,5045,1748,0.027,0.032,0.054,0.145,0.742
2020-05-14,2,No,,,32003,5045,1748,0.027,0.032,0.054,0.145,0.742
2020-05-15,2,No,,,32003,5235,1748,0.027,0.032,0.054,0.145,0.742
2020-05-16,2,No,,,32003,5298,1748,0.027,0.032,0.054,0.145,0.742
2020-05-29,2,No,,,32003,6457,1748,0.027,0.032,0.054,0.145,0.742
2020-05-30,2,No,,,32003,6579,1748,0.027,0.032,0.054,0.145,0.742
2020-05-31,2,No,,,32003,6657,1748,0.027,0.032,0.054,0.145,0.742
2020-06-01,2,No,,,32003,6719,1748,0.027,0.032,0.054,0.145,0.742
2020-06-02,2,No,,,32003,6845,1748,0.027,0.032,0.054,0.145,0.742
2020-06-03,2,No,,,32003,6923,1748,0.027,0.032,0.054,0.145,0.742
2020-06-04,2,No,,,32003,7056,1748,0.027,0.032,0.054,0.145,0.742
2020-06-05,2,No,,,32003,7186,1748,0.027,0.032,0.054,0.145,0.742
2020-06-06,2,No,,,32003,7331,1748,0.027,0.032,0.054,0.145,0.742
2020-06-07,2,No,,,32003,7483,1748,0.027,0.032,0.054,0.145,0.742
2020-06-08,2,No,,,32003,7592,1748,0.027,0.032,0.054,0.145,0.742
2020-06-09,2,No,,,32003,7799,1748,0.027,0.032,0.054,0.145,0.742
2020-06-10,2,No,,,32003,7915,1748,0.027,0.032,0.054,0.145,0.742
2020-06-11,2,No,,,32003,8100,1748,0.027,0.032,0.054,0.145,0.742
2020-06-12,2,No,,,32003,8314,1748,0.027,0.032,0.054,0.145,0.742
2020-06-13,2,No,,,32003,8556,1748,0.027,0.032,0.054,0.145,0.742
2020-06-14,2,No,,,32003,8735,1748,0.027,0.032,0.054,0.145,0.742
2020-06-15,2,No,,,32003,8815,1748,0.027,0.032,0.054,0.145,0.742
2020-06-16,2,No,,,32003,9157,1748,0.027,0.032,0.054,0.145,0.742
2020-06-17,2,No,,,32003,9318,1748,0.027,0.032,0.054,0.145,0.742
2020-06-18,2,No,,,32003,9535,1748,0.027,0.032,0.054,0.145,0.742
2020-06-19,2,No,,,32003,9852,1748,0.027,0.032,0.054,0.145,0.742
2020-06-20,2,No,,,32003,10259,1748,0.027,0.032,0.054,0.145,0.742
2020-06-21,2,No,,,32003,10486,1748,0.027,0.032,0.054,0.145,0.742
2020-06-22,2,No,,,32003,10774,1748,0.027,0.032,0.054,0.145,0.742
2020-06-23,2,No,,,32003,11186,1748,0.027,0.032,0.054,0.145,0.742
2020-06-24,1,Yes,Official,"Nev. Guidance on Directive 024 (June 24, 2020)",32003,11481,1748,0.027,0.032,0.054,0.145,0.742
2020-06-25,1,Yes,Official,"Nev. Guidance on Directive 024 (June 24, 2020)",32003,11878,1748,0.027,0.032,0.054,0.145,0.742
2020-06-26,1,Yes,Official,"Nev. Guidance on Directive 024 (June 24, 2020)",32003,12204,1748,0.027,0.032,0.054,0.145,0.742
2020-06-27,1,Yes,Official,"Nev. Guidance on Directive 024 (June 24, 2020)",32003,13174,1748,0.027,0.032,0.054,0.145,0.742
2020-06-28,1,Yes,Official,"Nev. Guidance on Directive 024 (June 24, 2020)",32003,13910,1748,0.027,0.032,0.054,0.145,0.742
2020-06-29,1,Yes,Official,"Nev. Guidance on Directive 024 (June 24, 2020)",32003,14607,1748,0.027,0.032,0.054,0.145,0.742
2020-06-30,1,Yes,Official,"Nev. Guidance on Directive 024 (June 24, 2020)",32003,15095,1748,0.027,0.032,0.054,0.145,0.742
2020-07-01,1,Yes,Official,"Nev. Guidance on Directive 024 (June 24, 2020)",32003,15604,1748,0.027,0.032,0.054,0.145,0.742
2020-07-02,1,Yes,Official,"Nev. Guidance on Directive 024 (June 24, 2020)",32003,16180,1748,0.027,0.032,0.054,0.145,0.742
2020-07-03,1,Yes,Official,"Nev. Guidance on Directive 024 (June 24, 2020)",32003,17028,1748,0.027,0.032,0.054,0.145,0.742
2020-07-04,1,Yes,Official,"Nev. Guidance on Directive 024 (June 24, 2020)",32003,17707,1748,0.027,0.032,0.054,0.145,0.742
2020-07-05,1,Yes,Official,"Nev. Guidance on Directive 024 (June 24, 2020)",32003,18442,1748,0.027,0.032,0.054,0.145,0.742
2020-07-06,1,Yes,Official,"Nev. Guidance on Directive 024 (June 24, 2020)",32003,18818,1748,0.027,0.032,0.054,0.145,0.742
2020-07-07,1,Yes,Official,"Nev. Guidance on Directive 024 (June 24, 2020)",32003,19654,1748,0.027,0.032,0.054,0.145,0.742
2020-07-08,1,Yes,Official,"Nev. Guidance on Directive 024 (June 24, 2020)",32003,20126,1748,0.027,0.032,0.054,0.145,0.742
2020-07-09,1,Yes,Official,"Nev. Guidance on Directive 024 (June 24, 2020)",32003,20622,1748,0.027,0.032,0.054,0.145,0.742
2020-07-10,1,Yes,Official,"Nev. Guidance on Directive 024 (June 24, 2020)",32003,21449,1748,0.027,0.032,0.054,0.145,0.742
2020-07-11,1,Yes,Official,"Nev. Guidance on Directive 024 (June 24, 2020)",32003,22286,1748,0.027,0.032,0.054,0.145,0.742
2020-07-12,1,Yes,Official,"Nev. Guidance on Directive 024 (June 24, 2020)",32003,23048,1748,0.027,0.032,0.054,0.145,0.742
2020-07-13,1,Yes,Official,"Nev. Guidance on Directive 024 (June 24, 2020)",32003,23803,1748,0.027,0.032,0.054,0.145,0.742
2020-07-14,1,Yes,Official,"Nev. Guidance on Directive 024 (June 24, 2020)",32003,24824,1748,0.027,0.032,0.054,0.145,0.742
2020-07-15,1,Yes,Official,"Nev. Guidance on Directive 024 (June 24, 2020)",32003,25611,1748,0.027,0.032,0.054,0.145,0.742
2020-07-16,1,Yes,Official,"Nev. Guidance on Directive 024 (June 24, 2020)",32003,26926,1748,0.027,0.032,0.054,0.145,0.742
2020-07-17,1,Yes,Official,"Nev. Guidance on Directive 024 (June 24, 2020)",32003,28189,1748,0.027,0.032,0.054,0.145,0.742
2020-07-18,1,Yes,Official,"Nev. Guidance on Directive 024 (June 24, 2020)",32003,29304,1748,0.027,0.032,0.054,0.145,0.742
2020-07-19,1,Yes,Official,"Nev. Guidance on Directive 024 (June 24, 2020)",32003,30432,1748,0.027,0.032,0.054,0.145,0.742
2020-07-20,1,Yes,Official,"Nev. Guidance on Directive 024 (June 24, 2020)",32003,31312,1748,0.027,0.032,0.054,0.145,0.742
2020-07-21,1,Yes,Official,"Nev. Guidance on Directive 024 (June 24, 2020)",32003,32025,1748,0.027,0.032,0.054,0.145,0.742
2020-07-22,1,Yes,Official,"Nev. Guidance on Directive 024 (June 24, 2020)",32003,33057,1748,0.027,0.032,0.054,0.145,0.742
2020-07-23,1,Yes,Official,"Nev. Guidance on Directive 024 (June 24, 2020)",32003,34209,1748,0.027,0.032,0.054,0.145,0.742
2020-07-24,1,Yes,Official,"Nev. Guidance on Directive 024 (June 24, 2020)",32003,35000,1748,0.027,0.032,0.054,0.145,0.742
2020-07-25,1,Yes,Official,"Nev. Guidance on Directive 024 (June 24, 2020)",32003,35786,1748,0.027,0.032,0.054,0.145,0.742
2020-07-26,1,Yes,Official,"Nev. Guidance on Directive 024 (June 24, 2020)",32003,36593,1748,0.027,0.032,0.054,0.145,0.742
2020-07-27,1,Yes,Official,"Nev. Guidance on Directive 024 (June 24, 2020)",32003,37492,1748,0.027,0.032,0.054,0.145,0.742
2020-07-28,1,Yes,Official,"Nev. Guidance on Directive 024 (June 24, 2020)",32003,38534,1748,0.027,0.032,0.054,0.145,0.742
2020-07-29,1,Yes,Official,"Nev. Guidance on Directive 024 (June 24, 2020)",32003,39345,1748,0.027,0.032,0.054,0.145,0.742
2020-07-30,1,Yes,Official,"Nev. Guidance on Directive 024 (June 24, 2020)",32003,40193,1748,0.027,0.032,0.054,0.145,0.742
2020-07-31,1,Yes,Official,"Nev. Guidance on Directive 024 (June 24, 2020)",32003,41245,1748,0.027,0.032,0.054,0.145,0.742
2020-08-01,1,Yes,Official,"Nev. Guidance on Directive 024 (June 24, 2020)",32003,42167,1748,0.027,0.032,0.054,0.145,0.742
2020-08-02,1,Yes,Official,"Nev. Guidance on Directive 024 (June 24, 2020)",32003,43147,1748,0.027,0.032,0.054,0.145,0.742
2020-08-03,1,Yes,Official,"Nev. Guidance on Directive 024 (June 24, 2020)",32003,44066,1748,0.027,0.032,0.054,0.145,0.742
2020-08-04,1,Yes,Official,"Nev. Guidance on Directive 024 (June 24, 2020)",32003,44997,1748,0.027,0.032,0.054,0.145,0.742
2020-08-05,1,Yes,Official,"Nev. Guidance on Directive 024 (June 24, 2020)",32003,45563,1748,0.027,0.032,0.054,0.145,0.742
2020-08-06,1,Yes,Official,"Nev. Guidance on Directive 024 (June 24, 2020)",32003,46184,1748,0.027,0.032,0.054,0.145,0.742
2020-08-07,1,Yes,Official,"Nev. Guidance on Directive 024 (June 24, 2020)",32003,46990,1748,0.027,0.032,0.054,0.145,0.742
2020-08-08,1,Yes,Official,"Nev. Guidance on Directive 024 (June 24, 2020)",32003,47739,1748,0.027,0.032,0.054,0.145,0.742
2020-08-09,1,Yes,Official,"Nev. Guidance on Directive 024 (June 24, 2020)",32003,48466,1748,0.027,0.032,0.054,0.145,0.742
2020-08-10,1,Yes,Official,"Nev. Guidance on Directive 024 (June 24, 2020)",32003,49151,1748,0.027,0.032,0.054,0.145,0.742
2020-08-11,1,Yes,Official,"Nev. Guidance on Directive 024 (June 24, 2020)",32003,49646,1748,0.027,0.032,0.054,0.145,0.742
2020-08-12,1,Yes,Official,"Nev. Guidance on Directive 024 (June 24, 2020)",32003,50081,1748,0.027,0.032,0.054,0.145,0.742
2020-08-13,1,Yes,Official,"Nev. Guidance on Directive 024 (June 24, 2020)",32003,50569,1748,0.027,0.032,0.054,0.145,0.742
2020-08-14,1,Yes,Official,"Nev. Guidance on Directive 024 (June 24, 2020)",32003,51457,1748,0.027,0.032,0.054,0.145,0.742
2020-08-15,1,Yes,Official,"Nev. Guidance on Directive 024 (June 24, 2020)",32003,52239,1748,0.027,0.032,0.054,0.145,0.742
2020-08-16,1,Yes,Official,"Nev. Guidance on Directive 024 (June 24, 2020)",32003,52867,1748,0.027,0.032,0.054,0.145,0.742
2020-08-17,1,Yes,Official,"Nev. Guidance on Directive 024 (June 24, 2020)",32003,53458,1748,0.027,0.032,0.054,0.145,0.742
2020-08-18,1,Yes,Official,"Nev. Guidance on Directive 024 (June 24, 2020)",32003,54076,1748,0.027,0.032,0.054,0.145,0.742
2020-08-19,1,Yes,Official,"Nev. Guidance on Directive 024 (June 24, 2020)",32003,54353,1748,0.027,0.032,0.054,0.145,0.742
2020-08-20,1,Yes,Official,"Nev. Guidance on Directive 024 (June 24, 2020)",32003,54795,1748,0.027,0.032,0.054,0.145,0.742
2020-08-21,1,Yes,Official,"Nev. Guidance on Directive 024 (June 24, 2020)",32003,55521,1748,0.027,0.032,0.054,0.145,0.742
2020-08-22,1,Yes,Official,"Nev. Guidance on Directive 024 (June 24, 2020)",32003,56010,1748,0.027,0.032,0.054,0.145,0.742
2020-08-23,1,Yes,Official,"Nev. Guidance on Directive 024 (June 24, 2020)",32003,56464,1748,0.027,0.032,0.054,0.145,0.742
2020-08-24,1,Yes,Official,"Nev. Guidance on Directive 024 (June 24, 2020)",32003,56796,1748,0.027,0.032,0.054,0.145,0.742
2020-08-25,1,Yes,Official,"Nev. Guidance on Directive 024 (June 24, 2020)",32003,57131,1748,0.027,0.032,0.054,0.145,0.742
2020-08-26,1,Yes,Official,"Nev. Guidance on Directive 024 (June 24, 2020)",32003,57283,1748,0.027,0.032,0.054,0.145,0.742
2020-08-27,1,Yes,Official,"Nev. Guidance on Directive 024 (June 24, 2020)",32003,57756,1748,0.027,0.032,0.054,0.145,0.742
2020-08-28,1,Yes,Official,"Nev. Guidance on Directive 024 (June 24, 2020)",32003,58292,1748,0.027,0.032,0.054,0.145,0.742
2020-08-29,1,Yes,Official,"Nev. Guidance on Directive 024 (June 24, 2020)",32003,58789,1748,0.027,0.032,0.054,0.145,0.742
2020-08-30,1,Yes,Official,"Nev. Guidance on Directive 024 (June 24, 2020)",32003,59153,1748,0.027,0.032,0.054,0.145,0.742
2020-08-31,1,Yes,Official,"Nev. Guidance on Directive 024 (June 24, 2020)",32003,59420,1748,0.027,0.032,0.054,0.145,0.742
2020-09-01,1,Yes,Official,"Nev. Guidance on Directive 024 (June 24, 2020)",32003,59716,1748,0.027,0.032,0.054,0.145,0.742
2020-09-02,1,Yes,Official,"Nev. Guidance on Directive 024 (June 24, 2020)",32003,59857,1748,0.027,0.032,0.054,0.145,0.742
2020-09-03,1,Yes,Official,"Nev. Guidance on Directive 024 (June 24, 2020)",32003,60144,1748,0.027,0.032,0.054,0.145,0.742
2020-09-04,1,Yes,Official,"Nev. Guidance on Directive 024 (June 24, 2020)",32003,60514,1748,0.027,0.032,0.054,0.145,0.742
2020-09-05,1,Yes,Official,"Nev. Guidance on Directive 024 (June 24, 2020)",32003,60819,1748,0.027,0.032,0.054,0.145,0.742
2020-09-06,1,Yes,Official,"Nev. Guidance on Directive 024 (June 24, 2020)",32003,61237,1748,0.027,0.032,0.054,0.145,0.742
2020-09-07,1,Yes,Official,"Nev. Guidance on Directive 024 (June 24, 2020)",32003,61476,1748,0.027,0.032,0.054,0.145,0.742
2020-09-08,1,Yes,Official,"Nev. Guidance on Directive 024 (June 24, 2020)",32003,61543,1748,0.027,0.032,0.054,0.145,0.742
2020-09-09,1,Yes,Official,"Nev. Guidance on Directive 024 (June 24, 2020)",32003,61642,1748,0.027,0.032,0.054,0.145,0.742
2020-09-10,1,Yes,Official,"Nev. Guidance on Directive 024 (June 24, 2020)",32003,61871,1748,0.027,0.032,0.054,0.145,0.742
2020-09-11,1,Yes,Official,"Nev. Guidance on Directive 024 (June 24, 2020)",32003,62057,1748,0.027,0.032,0.054,0.145,0.742
2020-09-12,1,Yes,Official,"Nev. Guidance on Directive 024 (June 24, 2020)",32003,62402,1748,0.027,0.032,0.054,0.145,0.742
2020-09-13,1,Yes,Official,"Nev. Guidance on Directive 024 (June 24, 2020)",32003,62650,1748,0.027,0.032,0.054,0.145,0.742
2020-09-14,1,Yes,Official,"Nev. Guidance on Directive 024 (June 24, 2020)",32003,62812,1748,0.027,0.032,0.054,0.145,0.742
2020-09-15,1,Yes,Official,"Nev. Guidance on Directive 024 (June 24, 2020)",32003,62952,1748,0.027,0.032,0.054,0.145,0.742
2020-09-16,1,Yes,Official,"Nev. Guidance on Directive 024 (June 24, 2020)",32003,63077,1748,0.027,0.032,0.054,0.145,0.742
2020-09-17,1,Yes,Official,"Nev. Guidance on Directive 024 (June 24, 2020)",32003,63301,1748,0.027,0.032,0.054,0.145,0.742
2020-09-18,1,Yes,Official,"Nev. Guidance on Directive 024 (June 24, 2020)",32003,63603,1748,0.027,0.032,0.054,0.145,0.742
2020-09-19,1,Yes,Official,"Nev. Guidance on Directive 024 (June 24, 2020)",32003,63877,1748,0.027,0.032,0.054,0.145,0.742
2020-09-20,1,Yes,Official,"Nev. Guidance on Directive 024 (June 24, 2020)",32003,64160,1748,0.027,0.032,0.054,0.145,0.742
2020-09-21,1,Yes,Official,"Nev. Guidance on Directive 024 (June 24, 2020)",32003,64288,1748,0.027,0.032,0.054,0.145,0.742
2020-09-22,1,Yes,Official,"Nev. Guidance on Directive 024 (June 24, 2020)",32003,64470,1748,0.027,0.032,0.054,0.145,0.742
2020-09-23,1,Yes,Official,"Nev. Guidance on Directive 024 (June 24, 2020)",32003,64895,1748,0.027,0.032,0.054,0.145,0.742
2020-09-24,1,Yes,Official,"Nev. Guidance on Directive 024 (June 24, 2020)",32003,65175,1748,0.027,0.032,0.054,0.145,0.742
2020-09-25,1,Yes,Official,"Nev. Guidance on Directive 024 (June 24, 2020)",32003,65583,1748,0.027,0.032,0.054,0.145,0.742
2020-09-26,1,Yes,Official,"Nev. Guidance on Directive 024 (June 24, 2020)",32003,66009,1748,0.027,0.032,0.054,0.145,0.742
2020-09-27,1,Yes,Official,"Nev. Guidance on Directive 024 (June 24, 2020)",32003,66262,1748,0.027,0.032,0.054,0.145,0.742
2020-09-28,1,Yes,Official,"Nev. Guidance on Directive 024 (June 24, 2020)",32003,66620,1748,0.027,0.032,0.054,0.145,0.742
2020-09-29,1,Yes,Official,"Nev. Guidance on Directive 024 (June 24, 2020)",32003,66899,1748,0.027,0.032,0.054,0.145,0.742
2020-09-30,1,Yes,Official,"Nev. Guidance on Directive 024 (June 24, 2020)",32003,67176,1748,0.027,0.032,0.054,0.145,0.742
2020-10-01,1,Yes,Official,"Nev. Guidance on Directive 024 (June 24, 2020)",32003,67499,1748,0.027,0.032,0.054,0.145,0.742
2020-10-02,1,Yes,Official,"Nev. Guidance on Directive 024 (June 24, 2020)",32003,68162,1748,0.027,0.032,0.054,0.145,0.742
2020-10-03,1,Yes,Official,"Nev. Guidance on Directive 024 (June 24, 2020)",32003,68580,1748,0.027,0.032,0.054,0.145,0.742
2020-10-04,1,Yes,Official,"Nev. Guidance on Directive 024 (June 24, 2020)",32003,68851,1748,0.027,0.032,0.054,0.145,0.742
2020-10-05,1,Yes,Official,"Nev. Guidance on Directive 024 (June 24, 2020)",32003,69151,1748,0.027,0.032,0.054,0.145,0.742
2020-10-06,1,Yes,Official,"Nev. Guidance on Directive 024 (June 24, 2020)",32003,69498,1748,0.027,0.032,0.054,0.145,0.742
2020-10-07,1,Yes,Official,"Nev. Guidance on Directive 024 (June 24, 2020)",32003,69801,1748,0.027,0.032,0.054,0.145,0.742
2020-10-08,1,Yes,Official,"Nev. Guidance on Directive 024 (June 24, 2020)",32003,70121,1748,0.027,0.032,0.054,0.145,0.742
2020-10-09,1,Yes,Official,"Nev. Guidance on Directive 024 (June 24, 2020)",32003,70730,1748,0.027,0.032,0.054,0.145,0.742
2020-10-10,1,Yes,Official,"Nev. Guidance on Directive 024 (June 24, 2020)",32003,71325,1748,0.027,0.032,0.054,0.145,0.742
2020-10-11,1,Yes,Official,"Nev. Guidance on Directive 024 (June 24, 2020)",32003,71633,1748,0.027,0.032,0.054,0.145,0.742
2020-10-12,1,Yes,Official,"Nev. Guidance on Directive 024 (June 24, 2020)",32003,72048,1748,0.027,0.032,0.054,0.145,0.742
2020-10-13,1,Yes,Official,"Nev. Guidance on Directive 024 (June 24, 2020)",32003,72439,1748,0.027,0.032,0.054,0.145,0.742
2020-10-14,1,Yes,Official,"Nev. Guidance on Directive 024 (June 24, 2020)",32003,72742,1748,0.027,0.032,0.054,0.145,0.742
2020-10-15,1,Yes,Official,"Nev. Guidance on Directive 024 (June 24, 2020)",32003,73154,1748,0.027,0.032,0.054,0.145,0.742
2020-10-16,1,Yes,Official,"Nev. Guidance on Directive 024 (June 24, 2020)",32003,73737,1748,0.027,0.032,0.054,0.145,0.742
2020-10-17,1,Yes,Official,"Nev. Guidance on Directive 024 (June 24, 2020)",32003,74544,1748,0.027,0.032,0.054,0.145,0.742
2020-10-18,1,Yes,Official,"Nev. Guidance on Directive 024 (June 24, 2020)",32003,74950,1748,0.027,0.032,0.054,0.145,0.742
2020-10-19,1,Yes,Official,"Nev. Guidance on Directive 024 (June 24, 2020)",32003,75410,1748,0.027,0.032,0.054,0.145,0.742
2020-10-20,1,Yes,Official,"Nev. Guidance on Directive 024 (June 24, 2020)",32003,75888,1748,0.027,0.032,0.054,0.145,0.742
2020-10-21,1,Yes,Official,"Nev. Guidance on Directive 024 (June 24, 2020)",32003,76244,1748,0.027,0.032,0.054,0.145,0.742
2020-10-22,1,Yes,Official,"Nev. Guidance on Directive 024 (June 24, 2020)",32003,76817,1748,0.027,0.032,0.054,0.145,0.742
2020-10-23,1,Yes,Official,"Nev. Guidance on Directive 024 (June 24, 2020)",32003,77426,1748,0.027,0.032,0.054,0.145,0.742
2020-10-24,1,Yes,Official,"Nev. Guidance on Directive 024 (June 24, 2020)",32003,78162,1748,0.027,0.032,0.054,0.145,0.742
2020-10-25,1,Yes,Official,"Nev. Guidance on Directive 024 (June 24, 2020)",32003,78897,1748,0.027,0.032,0.054,0.145,0.742
2020-10-26,1,Yes,Official,"Nev. Guidance on Directive 024 (June 24, 2020)",32003,79240,1748,0.027,0.032,0.054,0.145,0.742
2020-10-27,1,Yes,Official,"Nev. Guidance on Directive 024 (June 24, 2020)",32003,79782,1748,0.027,0.032,0.054,0.145,0.742
2020-10-28,1,Yes,Official,"Nev. Guidance on Directive 024 (June 24, 2020)",32003,80104,1748,0.027,0.032,0.054,0.145,0.742
2020-10-29,1,Yes,Official,"Nev. Guidance on Directive 024 (June 24, 2020)",32003,80794,1748,0.027,0.032,0.054,0.145,0.742
2020-10-30,1,Yes,Official,"Nev. Guidance on Directive 024 (June 24, 2020)",32003,81684,1748,0.027,0.032,0.054,0.145,0.742
2020-10-31,1,Yes,Official,"Nev. Guidance on Directive 024 (June 24, 2020)",32003,82362,1748,0.027,0.032,0.054,0.145,0.742
2020-11-01,1,Yes,Official,"Nev. Guidance on Directive 024 (June 24, 2020)",32003,82966,1748,0.027,0.032,0.054,0.145,0.742
2020-11-02,1,Yes,Official,"Nev. Guidance on Directive 024 (June 24, 2020)",32003,83419,1748,0.027,0.032,0.054,0.145,0.742
2020-11-03,1,Yes,Official,"Nev. Guidance on Directive 024 (June 24, 2020)",32003,84129,1748,0.027,0.032,0.054,0.145,0.742
2020-11-04,1,Yes,Official,"Nev. Guidance on Directive 024 (June 24, 2020)",32003,84872,1748,0.027,0.032,0.054,0.145,0.742
2020-11-05,1,Yes,Official,"Nev. Guidance on Directive 024 (June 24, 2020)",32003,85641,1748,0.027,0.032,0.054,0.145,0.742
2020-11-06,1,Yes,Official,"Nev. Guidance on Directive 024 (June 24, 2020)",32003,86673,1748,0.027,0.032,0.054,0.145,0.742
2020-11-07,1,Yes,Official,"Nev. Guidance on Directive 024 (June 24, 2020)",32003,88015,1748,0.027,0.032,0.054,0.145,0.742
2020-11-08,1,Yes,Official,"Nev. Guidance on Directive 024 (June 24, 2020)",32003,88673,1748,0.027,0.032,0.054,0.145,0.742
2020-11-09,1,Yes,Official,"Nev. Guidance on Directive 024 (June 24, 2020)",32003,89256,1748,0.027,0.032,0.054,0.145,0.742
2020-11-10,1,Yes,Official,"Nev. Guidance on Directive 024 (June 24, 2020)",32003,90125,1748,0.027,0.032,0.054,0.145,0.742
2020-11-11,1,Yes,Official,"Nev. Guidance on Directive 024 (June 24, 2020)",32003,90885,1748,0.027,0.032,0.054,0.145,0.742
2020-11-12,1,Yes,Official,"Nev. Guidance on Directive 024 (June 24, 2020)",32003,91859,1748,0.027,0.032,0.054,0.145,0.742
2020-11-13,1,Yes,Official,"Nev. Guidance on Directive 024 (June 24, 2020)",32003,93073,1748,0.027,0.032,0.054,0.145,0.742
2020-11-14,1,Yes,Official,"Nev. Guidance on Directive 024 (June 24, 2020)",32003,94640,1748,0.027,0.032,0.054,0.145,0.742
2020-11-15,1,Yes,Official,"Nev. Guidance on Directive 024 (June 24, 2020)",32003,95517,1748,0.027,0.032,0.054,0.145,0.742
2020-11-16,1,Yes,Official,"Nev. Guidance on Directive 024 (June 24, 2020)",32003,96391,1748,0.027,0.032,0.054,0.145,0.742
2020-11-17,1,Yes,Official,"Nev. Guidance on Directive 024 (June 24, 2020)",32003,97608,1748,0.027,0.032,0.054,0.145,0.742
2020-11-18,1,Yes,Official,"Nev. Guidance on Directive 024 (June 24, 2020)",32003,98930,1748,0.027,0.032,0.054,0.145,0.742
2020-11-19,1,Yes,Official,"Nev. Guidance on Directive 024 (June 24, 2020)",32003,100552,1748,0.027,0.032,0.054,0.145,0.742
2020-11-20,1,Yes,Official,"Nev. Guidance on Directive 024 (June 24, 2020)",32003,101933,1748,0.027,0.032,0.054,0.145,0.742
2020-11-21,1,Yes,Official,"Nev. Guidance on Directive 024 (June 24, 2020)",32003,103499,1748,0.027,0.032,0.054,0.145,0.742
2020-11-22,1,Yes,Official,"Nev. Guidance on Directive 024 (June 24, 2020)",32003,104624,1748,0.027,0.032,0.054,0.145,0.742
2020-11-23,1,Yes,Official,"Nev. Guidance on Directive 024 (June 24, 2020)",32003,106033,1748,0.027,0.032,0.054,0.145,0.742
2020-11-24,1,Yes,Official,"Nev. Guidance on Directive 024 (June 24, 2020)",32003,108252,1748,0.027,0.032,0.054,0.145,0.742
2020-11-25,1,Yes,Official,"Nev. Guidance on Directive 024 (June 24, 2020)",32003,109827,1748,0.027,0.032,0.054,0.145,0.742
2020-11-26,1,Yes,Official,"Nev. Guidance on Directive 024 (June 24, 2020)",32003,111485,1748,0.027,0.032,0.054,0.145,0.742
2020-11-27,1,Yes,Official,"Nev. Guidance on Directive 024 (June 24, 2020)",32003,112894,1748,0.027,0.032,0.054,0.145,0.742
2020-11-28,1,Yes,Official,"Nev. Guidance on Directive 024 (June 24, 2020)",32003,114691,1748,0.027,0.032,0.054,0.145,0.742
2020-11-29,1,Yes,Official,"Nev. Guidance on Directive 024 (June 24, 2020)",32003,115190,1748,0.027,0.032,0.054,0.145,0.742
2020-11-30,1,Yes,Official,"Nev. Guidance on Directive 024 (June 24, 2020)",32003,116346,1748,0.027,0.032,0.054,0.145,0.742
2020-12-01,1,Yes,Official,"Nev. Guidance on Directive 024 (June 24, 2020)",32003,118412,1748,0.027,0.032,0.054,0.145,0.742
2020-12-02,1,Yes,Official,"Nev. Guidance on Directive 024 (June 24, 2020)",32003,120009,1748,0.027,0.032,0.054,0.145,0.742
2020-12-03,1,Yes,Official,"Nev. Guidance on Directive 024 (June 24, 2020)",32003,121863,1748,0.027,0.032,0.054,0.145,0.742
2020-12-04,1,Yes,Official,"Nev. Guidance on Directive 024 (June 24, 2020)",32003,123691,1748,0.027,0.032,0.054,0.145,0.742
2020-12-05,1,Yes,Official,"Nev. Guidance on Directive 024 (June 24, 2020)",32003,126066,1748,0.027,0.032,0.054,0.145,0.742
2020-12-06,1,Yes,Official,"Nev. Guidance on Directive 024 (June 24, 2020)",32003,127819,1748,0.027,0.032,0.054,0.145,0.742
2020-12-07,1,Yes,Official,"Nev. Guidance on Directive 024 (June 24, 2020)",32003,129427,1748,0.027,0.032,0.054,0.145,0.742
2020-12-08,1,Yes,Official,"Nev. Guidance on Directive 024 (June 24, 2020)",32003,131510,1748,0.027,0.032,0.054,0.145,0.742
2020-12-09,1,Yes,Official,"Nev. Guidance on Directive 024 (June 24, 2020)",32003,133642,1748,0.027,0.032,0.054,0.145,0.742
2020-12-10,1,Yes,Official,"Nev. Guidance on Directive 024 (June 24, 2020)",32003,135296,1748,0.027,0.032,0.054,0.145,0.742
2020-12-11,1,Yes,Official,"Nev. Guidance on Directive 024 (June 24, 2020)",32003,137100,1748,0.027,0.032,0.054,0.145,0.742
2020-12-12,1,Yes,Official,"Nev. Guidance on Directive 024 (June 24, 2020)",32003,139053,1748,0.027,0.032,0.054,0.145,0.742
2020-12-13,1,Yes,Official,"Nev. Guidance on Directive 024 (June 24, 2020)",32003,141231,1748,0.027,0.032,0.054,0.145,0.742
2020-12-14,1,Yes,Official,"Nev. Guidance on Directive 024 (June 24, 2020)",32003,142937,1748,0.027,0.032,0.054,0.145,0.742
2020-12-15,1,Yes,Official,"Nev. Guidance on Directive 024 (June 24, 2020)",32003,144834,1748,0.027,0.032,0.054,0.145,0.742
2020-12-16,1,Yes,Official,"Nev. Guidance on Directive 024 (June 24, 2020)",32003,146723,1748,0.027,0.032,0.054,0.145,0.742
2020-12-17,1,Yes,Official,"Nev. Guidance on Directive 024 (June 24, 2020)",32003,148411,1748,0.027,0.032,0.054,0.145,0.742
2020-12-18,1,Yes,Official,"Nev. Guidance on Directive 024 (June 24, 2020)",32003,150467,1748,0.027,0.032,0.054,0.145,0.742
2020-12-19,1,Yes,Official,"Nev. Guidance on Directive 024 (June 24, 2020)",32003,152291,1748,0.027,0.032,0.054,0.145,0.742
2020-12-20,1,Yes,Official,"Nev. Guidance on Directive 024 (June 24, 2020)",32003,153951,1748,0.027,0.032,0.054,0.145,0.742
2020-12-21,1,Yes,Official,"Nev. Guidance on Directive 024 (June 24, 2020)",32003,155478,1748,0.027,0.032,0.054,0.145,0.742
2020-12-22,1,Yes,Official,"Nev. Guidance on Directive 024 (June 24, 2020)",32003,156166,1748,0.027,0.032,0.054,0.145,0.742
2020-12-23,1,Yes,Official,"Nev. Guidance on Directive 024 (June 24, 2020)",32003,158750,1748,0.027,0.032,0.054,0.145,0.742
2020-12-24,1,Yes,Official,"Nev. Guidance on Directive 024 (June 24, 2020)",32003,160569,1748,0.027,0.032,0.054,0.145,0.742
2020-12-25,1,Yes,Official,"Nev. Guidance on Directive 024 (June 24, 2020)",32003,161913,1748,0.027,0.032,0.054,0.145,0.742
2020-12-26,1,Yes,Official,"Nev. Guidance on Directive 024 (June 24, 2020)",32003,163484,1748,0.027,0.032,0.054,0.145,0.742
2020-12-27,1,Yes,Official,"Nev. Guidance on Directive 024 (June 24, 2020)",32003,164673,1748,0.027,0.032,0.054,0.145,0.742
2020-12-28,1,Yes,Official,"Nev. Guidance on Directive 024 (June 24, 2020)",32003,165318,1748,0.027,0.032,0.054,0.145,0.742
2020-12-29,1,Yes,Official,"Nev. Guidance on Directive 024 (June 24, 2020)",32003,166285,1748,0.027,0.032,0.054,0.145,0.742
2020-12-30,1,Yes,Official,"Nev. Guidance on Directive 024 (June 24, 2020)",32003,168342,1748,0.027,0.032,0.054,0.145,0.742
2020-12-31,1,Yes,Official,"Nev. Guidance on Directive 024 (June 24, 2020)",32003,170032,1748,0.027,0.032,0.054,0.145,0.742
2021-01-01,1,Yes,Official,"Nev. Guidance on Directive 024 (June 24, 2020)",32003,171850,1748,0.027,0.032,0.054,0.145,0.742
2021-01-02,1,Yes,Official,"Nev. Guidance on Directive 024 (June 24, 2020)",32003,173634,1748,0.027,0.032,0.054,0.145,0.742
2021-01-03,1,Yes,Official,"Nev. Guidance on Directive 024 (June 24, 2020)",32003,175591,1748,0.027,0.032,0.054,0.145,0.742
2021-01-04,1,Yes,Official,"Nev. Guidance on Directive 024 (June 24, 2020)",32003,176731,1748,0.027,0.032,0.054,0.145,0.742
2021-01-05,1,Yes,Official,"Nev. Guidance on Directive 024 (June 24, 2020)",32003,178837,1748,0.027,0.032,0.054,0.145,0.742
2021-01-06,1,Yes,Official,"Nev. Guidance on Directive 024 (June 24, 2020)",32003,180524,1748,0.027,0.032,0.054,0.145,0.742
2021-01-07,1,Yes,Official,"Nev. Guidance on Directive 024 (June 24, 2020)",32003,183447,1748,0.027,0.032,0.054,0.145,0.742
2021-01-08,1,Yes,Official,"Nev. Guidance on Directive 024 (June 24, 2020)",32003,185829,1748,0.027,0.032,0.054,0.145,0.742
2021-01-09,1,Yes,Official,"Nev. Guidance on Directive 024 (June 24, 2020)",32003,187893,1748,0.027,0.032,0.054,0.145,0.742
2021-01-10,1,Yes,Official,"Nev. Guidance on Directive 024 (June 24, 2020)",32003,189730,1748,0.027,0.032,0.054,0.145,0.742
2021-01-11,1,Yes,Official,"Nev. Guidance on Directive 024 (June 24, 2020)",32003,191163,1748,0.027,0.032,0.054,0.145,0.742
2021-01-12,1,Yes,Official,"Nev. Guidance on Directive 024 (June 24, 2020)",32003,193483,1748,0.027,0.032,0.054,0.145,0.742
2021-01-13,1,Yes,Official,"Nev. Guidance on Directive 024 (June 24, 2020)",32003,194220,1748,0.027,0.032,0.054,0.145,0.742
2021-01-14,1,Yes,Official,"Nev. Guidance on Directive 024 (June 24, 2020)",32003,196134,1748,0.027,0.032,0.054,0.145,0.742
2021-01-15,1,Yes,Official,"Nev. Guidance on Directive 024 (June 24, 2020)",32003,197652,1748,0.027,0.032,0.054,0.145,0.742
2021-01-16,1,Yes,Official,"Nev. Guidance on Directive 024 (June 24, 2020)",32003,199260,1748,0.027,0.032,0.054,0.145,0.742
2021-01-17,1,Yes,Official,"Nev. Guidance on Directive 024 (June 24, 2020)",32003,200597,1748,0.027,0.032,0.054,0.145,0.742
2021-01-18,1,Yes,Official,"Nev. Guidance on Directive 024 (June 24, 2020)",32003,201519,1748,0.027,0.032,0.054,0.145,0.742
2021-01-19,1,Yes,Official,"Nev. Guidance on Directive 024 (June 24, 2020)",32003,202471,1748,0.027,0.032,0.054,0.145,0.742
2021-01-20,1,Yes,Official,"Nev. Guidance on Directive 024 (June 24, 2020)",32003,203292,1748,0.027,0.032,0.054,0.145,0.742
2021-01-21,1,Yes,Official,"Nev. Guidance on Directive 024 (June 24, 2020)",32003,204369,1748,0.027,0.032,0.054,0.145,0.742
2021-01-22,1,Yes,Official,"Nev. Guidance on Directive 024 (June 24, 2020)",32003,205926,1748,0.027,0.032,0.054,0.145,0.742
2021-01-23,1,Yes,Official,"Nev. Guidance on Directive 024 (June 24, 2020)",32003,207240,1748,0.027,0.032,0.054,0.145,0.742
2021-01-24,1,Yes,Official,"Nev. Guidance on Directive 024 (June 24, 2020)",32003,208147,1748,0.027,0.032,0.054,0.145,0.742
2021-01-25,1,Yes,Official,"Nev. Guidance on Directive 024 (June 24, 2020)",32003,208929,1748,0.027,0.032,0.054,0.145,0.742
2021-01-26,1,Yes,Official,"Nev. Guidance on Directive 024 (June 24, 2020)",32003,209726,1748,0.027,0.032,0.054,0.145,0.742
2021-01-27,1,Yes,Official,"Nev. Guidance on Directive 024 (June 24, 2020)",32003,210581,1748,0.027,0.032,0.054,0.145,0.742
2021-01-28,1,Yes,Official,"Nev. Guidance on Directive 024 (June 24, 2020)",32003,211453,1748,0.027,0.032,0.054,0.145,0.742
2021-01-29,1,Yes,Official,"Nev. Guidance on Directive 024 (June 24, 2020)",32003,212575,1748,0.027,0.032,0.054,0.145,0.742
2021-01-30,1,Yes,Official,"Nev. Guidance on Directive 024 (June 24, 2020)",32003,213384,1748,0.027,0.032,0.054,0.145,0.742
2021-01-31,1,Yes,Official,"Nev. Guidance on Directive 024 (June 24, 2020)",32003,214108,1748,0.027,0.032,0.054,0.145,0.742
2021-02-01,1,Yes,Official,"Nev. Guidance on Directive 024 (June 24, 2020)",32003,214780,1748,0.027,0.032,0.054,0.145,0.742
2021-02-02,1,Yes,Official,"Nev. Guidance on Directive 024 (June 24, 2020)",32003,215469,1748,0.027,0.032,0.054,0.145,0.742
2021-02-03,1,Yes,Official,"Nev. Guidance on Directive 024 (June 24, 2020)",32003,216121,1748,0.027,0.032,0.054,0.145,0.742
2021-02-04,1,Yes,Official,"Nev. Guidance on Directive 024 (June 24, 2020)",32003,216817,1748,0.027,0.032,0.054,0.145,0.742
2021-02-05,1,Yes,Official,"Nev. Guidance on Directive 024 (June 24, 2020)",32003,217521,1748,0.027,0.032,0.054,0.145,0.742
2021-02-06,1,Yes,Official,"Nev. Guidance on Directive 024 (June 24, 2020)",32003,218178,1748,0.027,0.032,0.054,0.145,0.742
2021-02-07,1,Yes,Official,"Nev. Guidance on Directive 024 (June 24, 2020)",32003,218739,1748,0.027,0.032,0.054,0.145,0.742
2021-02-08,1,Yes,Official,"Nev. Guidance on Directive 024 (June 24, 2020)",32003,219183,1748,0.027,0.032,0.054,0.145,0.742
2021-02-09,1,Yes,Official,"Nev. Guidance on Directive 024 (June 24, 2020)",32003,219602,1748,0.027,0.032,0.054,0.145,0.742
2021-02-10,1,Yes,Official,"Nev. Guidance on Directive 024 (June 24, 2020)",32003,220204,1748,0.027,0.032,0.054,0.145,0.742
2021-02-11,1,Yes,Official,"Nev. Guidance on Directive 024 (June 24, 2020)",32003,220710,1748,0.027,0.032,0.054,0.145,0.742
2021-02-12,1,Yes,Official,"Nev. Guidance on Directive 024 (June 24, 2020)",32003,221215,1748,0.027,0.032,0.054,0.145,0.742
2021-02-13,1,Yes,Official,"Nev. Guidance on Directive 024 (June 24, 2020)",32003,221949,1748,0.027,0.032,0.054,0.145,0.742
2021-02-14,1,Yes,Official,"Nev. Guidance on Directive 024 (June 24, 2020)",32003,222429,1748,0.027,0.032,0.054,0.145,0.742
2021-02-15,1,Yes,Official,"Nev. Guidance on Directive 024 (June 24, 2020)",32003,222670,1748,0.027,0.032,0.054,0.145,0.742
2021-02-16,1,Yes,Official,"Nev. Guidance on Directive 024 (June 24, 2020)",32003,222916,1748,0.027,0.032,0.054,0.145,0.742
2021-02-17,1,Yes,Official,"Nev. Guidance on Directive 024 (June 24, 2020)",32003,223200,1748,0.027,0.032,0.054,0.145,0.742
2021-02-18,1,Yes,Official,"Nev. Guidance on Directive 024 (June 24, 2020)",32003,223624,1748,0.027,0.032,0.054,0.145,0.742
2021-02-19,1,Yes,Official,"Nev. Guidance on Directive 024 (June 24, 2020)",32003,223960,1748,0.027,0.032,0.054,0.145,0.742
2021-02-20,1,Yes,Official,"Nev. Guidance on Directive 024 (June 24, 2020)",32003,224227,1748,0.027,0.032,0.054,0.145,0.742
2021-02-21,1,Yes,Official,"Nev. Guidance on Directive 024 (June 24, 2020)",32003,224469,1748,0.027,0.032,0.054,0.145,0.742
2021-02-22,1,Yes,Official,"Nev. Guidance on Directive 024 (June 24, 2020)",32003,224597,1748,0.027,0.032,0.054,0.145,0.742
2021-02-23,1,Yes,Official,"Nev. Guidance on Directive 024 (June 24, 2020)",32003,224944,1748,0.027,0.032,0.054,0.145,0.742
2021-02-24,1,Yes,Official,"Nev. Guidance on Directive 024 (June 24, 2020)",32003,225301,1748,0.027,0.032,0.054,0.145,0.742
2021-02-25,1,Yes,Official,"Nev. Guidance on Directive 024 (June 24, 2020)",32003,225820,1748,0.027,0.032,0.054,0.145,0.742
2021-02-26,1,Yes,Official,"Nev. Guidance on Directive 024 (June 24, 2020)",32003,226120,1748,0.027,0.032,0.054,0.145,0.742
2021-02-27,1,Yes,Official,"Nev. Guidance on Directive 024 (June 24, 2020)",32003,226469,1748,0.027,0.032,0.054,0.145,0.742
2021-02-28,1,Yes,Official,"Nev. Guidance on Directive 024 (June 24, 2020)",32003,226701,1748,0.027,0.032,0.054,0.145,0.742
2021-03-01,1,Yes,Official,"Nev. Guidance on Directive 024 (June 24, 2020)",32003,226871,1748,0.027,0.032,0.054,0.145,0.742
2021-03-02,1,Yes,Official,"Nev. Guidance on Directive 024 (June 24, 2020)",32003,227107,1748,0.027,0.032,0.054,0.145,0.742
2021-03-03,1,Yes,Official,"Nev. Guidance on Directive 024 (June 24, 2020)",32003,227455,1748,0.027,0.032,0.054,0.145,0.742
2021-03-04,1,Yes,Official,"Nev. Guidance on Directive 024 (June 24, 2020)",32003,227771,1748,0.027,0.032,0.054,0.145,0.742
2021-03-05,1,Yes,Official,"Nev. Guidance on Directive 024 (June 24, 2020)",32003,228083,1748,0.027,0.032,0.054,0.145,0.742
2021-03-06,1,Yes,Official,"Nev. Guidance on Directive 024 (June 24, 2020)",32003,228492,1748,0.027,0.032,0.054,0.145,0.742
2021-03-07,1,Yes,Official,"Nev. Guidance on Directive 024 (June 24, 2020)",32003,228665,1748,0.027,0.032,0.054,0.145,0.742
2021-03-08,1,Yes,Official,"Nev. Guidance on Directive 024 (June 24, 2020)",32003,228806,1748,0.027,0.032,0.054,0.145,0.742
2021-03-09,1,Yes,Official,"Nev. Guidance on Directive 024 (June 24, 2020)",32003,229156,1748,0.027,0.032,0.054,0.145,0.742
2021-03-10,1,Yes,Official,"Nev. Guidance on Directive 024 (June 24, 2020)",32003,229415,1748,0.027,0.032,0.054,0.145,0.742
2021-03-11,1,Yes,Official,"Nev. Guidance on Directive 024 (June 24, 2020)",32003,229956,1748,0.027,0.032,0.054,0.145,0.742
2021-03-12,1,Yes,Official,"Nev. Guidance on Directive 024 (June 24, 2020)",32003,230758,1748,0.027,0.032,0.054,0.145,0.742
2021-03-13,1,Yes,Official,"Nev. Guidance on Directive 024 (June 24, 2020)",32003,231116,1748,0.027,0.032,0.054,0.145,0.742
2021-03-14,1,Yes,Official,"Nev. Guidance on Directive 024 (June 24, 2020)",32003,231277,1748,0.027,0.032,0.054,0.145,0.742
2021-03-15,1,Yes,Official,"Nev. Emerg. Declaration Directive 041 (Mar. 12, 2021)",32003,231416,1748,0.027,0.032,0.054,0.145,0.742
2021-03-16,1,Yes,Official,"Nev. Emerg. Declaration Directive 041 (Mar. 12, 2021)",32003,231710,1748,0.027,0.032,0.054,0.145,0.742
2021-03-17,1,Yes,Official,"Nev. Emerg. Declaration Directive 041 (Mar. 12, 2021)",32003,231946,1748,0.027,0.032,0.054,0.145,0.742
2021-03-18,1,Yes,Official,"Nev. Emerg. Declaration Directive 041 (Mar. 12, 2021)",32003,232174,1748,0.027,0.032,0.054,0.145,0.742
2021-03-19,1,Yes,Official,"Nev. Emerg. Declaration Directive 041 (Mar. 12, 2021)",32003,232382,1748,0.027,0.032,0.054,0.145,0.742
2021-03-20,1,Yes,Official,"Nev. Emerg. Declaration Directive 041 (Mar. 12, 2021)",32003,232595,1748,0.027,0.032,0.054,0.145,0.742
2021-03-21,1,Yes,Official,"Nev. Emerg. Declaration Directive 041 (Mar. 12, 2021)",32003,232730,1748,0.027,0.032,0.054,0.145,0.742
2021-03-22,1,Yes,Official,"Nev. Emerg. Declaration Directive 041 (Mar. 12, 2021)",32003,232808,1748,0.027,0.032,0.054,0.145,0.742
2021-03-23,1,Yes,Official,"Nev. Emerg. Declaration Directive 041 (Mar. 12, 2021)",32003,232916,1748,0.027,0.032,0.054,0.145,0.742
2021-03-24,1,Yes,Official,"Nev. Emerg. Declaration Directive 041 (Mar. 12, 2021)",32003,233110,1748,0.027,0.032,0.054,0.145,0.742
2021-03-25,1,Yes,Official,"Nev. Emerg. Declaration Directive 041 (Mar. 12, 2021)",32003,233305,1748,0.027,0.032,0.054,0.145,0.742
2021-03-26,1,Yes,Official,"Nev. Emerg. Declaration Directive 041 (Mar. 12, 2021)",32003,233671,1748,0.027,0.032,0.054,0.145,0.742
2021-03-27,1,Yes,Official,"Nev. Emerg. Declaration Directive 041 (Mar. 12, 2021)",32003,233889,1748,0.027,0.032,0.054,0.145,0.742
2021-03-28,1,Yes,Official,"Nev. Emerg. Declaration Directive 041 (Mar. 12, 2021)",32003,234031,1748,0.027,0.032,0.054,0.145,0.742
2021-03-29,1,Yes,Official,"Nev. Emerg. Declaration Directive 041 (Mar. 12, 2021)",32003,234131,1748,0.027,0.032,0.054,0.145,0.742
2021-03-30,1,Yes,Official,"Nev. Emerg. Declaration Directive 041 (Mar. 12, 2021)",32003,234300,1748,0.027,0.032,0.054,0.145,0.742
2021-03-31,1,Yes,Official,"Nev. Emerg. Declaration Directive 041 (Mar. 12, 2021)",32003,234549,1748,0.027,0.032,0.054,0.145,0.742
2021-04-01,1,Yes,Official,"Nev. Emerg. Declaration Directive 041 (Mar. 12, 2021)",32003,234803,1748,0.027,0.032,0.054,0.145,0.742
2021-04-02,1,Yes,Official,"Nev. Emerg. Declaration Directive 041 (Mar. 12, 2021)",32003,235081,1748,0.027,0.032,0.054,0.145,0.742
2021-04-03,1,Yes,Official,"Nev. Emerg. Declaration Directive 041 (Mar. 12, 2021)",32003,235444,1748,0.027,0.032,0.054,0.145,0.742
2021-04-04,1,Yes,Official,"Nev. Emerg. Declaration Directive 041 (Mar. 12, 2021)",32003,235590,1748,0.027,0.032,0.054,0.145,0.742
2021-04-05,1,Yes,Official,"Nev. Emerg. Declaration Directive 041 (Mar. 12, 2021)",32003,235695,1748,0.027,0.032,0.054,0.145,0.742
2021-04-06,1,Yes,Official,"Nev. Emerg. Declaration Directive 041 (Mar. 12, 2021)",32003,235900,1748,0.027,0.032,0.054,0.145,0.742
2021-04-07,1,Yes,Official,"Nev. Emerg. Declaration Directive 041 (Mar. 12, 2021)",32003,236130,1748,0.027,0.032,0.054,0.145,0.742
2021-04-08,1,Yes,Official,"Nev. Emerg. Declaration Directive 041 (Mar. 12, 2021)",32003,236483,1748,0.027,0.032,0.054,0.145,0.742
2021-04-09,1,Yes,Official,"Nev. Emerg. Declaration Directive 041 (Mar. 12, 2021)",32003,237037,1748,0.027,0.032,0.054,0.145,0.742
2021-04-10,1,Yes,Official,"Nev. Emerg. Declaration Directive 041 (Mar. 12, 2021)",32003,237737,1748,0.027,0.032,0.054,0.145,0.742
2021-04-11,1,Yes,Official,"Nev. Emerg. Declaration Directive 041 (Mar. 12, 2021)",32003,238008,1748,0.027,0.032,0.054,0.145,0.742
2021-04-12,1,Yes,Official,"Nev. Emerg. Declaration Directive 041 (Mar. 12, 2021)",32003,238245,1748,0.027,0.032,0.054,0.145,0.742
2021-04-13,1,Yes,Official,"Nev. Emerg. Declaration Directive 041 (Mar. 12, 2021)",32003,238555,1748,0.027,0.032,0.054,0.145,0.742
2021-04-14,1,Yes,Official,"Nev. Emerg. Declaration Directive 041 (Mar. 12, 2021)",32003,238853,1748,0.027,0.032,0.054,0.145,0.742
2021-04-15,1,Yes,Official,"Nev. Emerg. Declaration Directive 041 (Mar. 12, 2021)",32003,239293,1748,0.027,0.032,0.054,0.145,0.742
2021-04-16,1,Yes,Official,"Nev. Emerg. Declaration Directive 041 (Mar. 12, 2021)",32003,239748,1748,0.027,0.032,0.054,0.145,0.742
2021-04-17,1,Yes,Official,"Nev. Emerg. Declaration Directive 041 (Mar. 12, 2021)",32003,239748,1748,0.027,0.032,0.054,0.145,0.742
2021-04-18,1,Yes,Official,"Nev. Emerg. Declaration Directive 041 (Mar. 12, 2021)",32003,239748,1748,0.027,0.032,0.054,0.145,0.742
2021-04-19,1,Yes,Official,"Nev. Emerg. Declaration Directive 044 (Apr. 19, 2021)",32003,240307,1748,0.027,0.032,0.054,0.145,0.742
2021-04-20,1,Yes,Official,"Nev. Emerg. Declaration Directive 044 (Apr. 19, 2021)",32003,240574,1748,0.027,0.032,0.054,0.145,0.742
2021-04-21,1,Yes,Official,"Nev. Emerg. Declaration Directive 044 (Apr. 19, 2021)",32003,240909,1748,0.027,0.032,0.054,0.145,0.742
2021-04-22,1,Yes,Official,"Nev. Emerg. Declaration Directive 044 (Apr. 19, 2021)",32003,241353,1748,0.027,0.032,0.054,0.145,0.742
2021-04-23,1,Yes,Official,"Nev. Emerg. Declaration Directive 044 (Apr. 19, 2021)",32003,241814,1748,0.027,0.032,0.054,0.145,0.742
2021-04-24,1,Yes,Official,"Nev. Emerg. Declaration Directive 044 (Apr. 19, 2021)",32003,241814,1748,0.027,0.032,0.054,0.145,0.742
2021-04-25,1,Yes,Official,"Nev. Emerg. Declaration Directive 044 (Apr. 19, 2021)",32003,241814,1748,0.027,0.032,0.054,0.145,0.742
2021-04-26,1,Yes,Official,"Nev. Emerg. Declaration Directive 044 (Apr. 19, 2021)",32003,242524,1748,0.027,0.032,0.054,0.145,0.742
2021-04-27,1,Yes,Official,"Nev. Emerg. Declaration Directive 044 (Apr. 19, 2021)",32003,242819,1748,0.027,0.032,0.054,0.145,0.742
2021-04-28,1,Yes,Official,"Nev. Emerg. Declaration Directive 044 (Apr. 19, 2021)",32003,243155,1748,0.027,0.032,0.054,0.145,0.742
2021-04-29,1,Yes,Official,"Nev. Emerg. Declaration Directive 044 (Apr. 19, 2021)",32003,243550,1748,0.027,0.032,0.054,0.145,0.742
2021-04-30,1,Yes,Official,"Nev. Emerg. Declaration Directive 044 (Apr. 19, 2021)",32003,243942,1748,0.027,0.032,0.054,0.145,0.742
2021-05-01,1,Yes,Official,"Nev. Emerg. Declaration Directive 044 (Apr. 19, 2021)",32003,243942,1748,0.027,0.032,0.054,0.145,0.742
2021-05-02,1,Yes,Official,"Nev. Emerg. Declaration Directive 044 (Apr. 19, 2021)",32003,243942,1748,0.027,0.032,0.054,0.145,0.742
2021-05-03,1,Yes,Official,"Nev. Emerg. Declaration Directive 045 (May 3, 2021)",32003,244647,1748,0.027,0.032,0.054,0.145,0.742
2021-05-04,1,Yes,Official,"Nev. Emerg. Declaration Directive 045 (May 3, 2021)",32003,245034,1748,0.027,0.032,0.054,0.145,0.742
2021-05-05,1,Yes,Official,"Nev. Emerg. Declaration Directive 045 (May 3, 2021)",32003,245358,1748,0.027,0.032,0.054,0.145,0.742
2021-05-06,1,Yes,Official,"Nev. Emerg. Declaration Directive 045 (May 3, 2021)",32003,245693,1748,0.027,0.032,0.054,0.145,0.742
2021-05-07,1,Yes,Official,"Nev. Emerg. Declaration Directive 045 (May 3, 2021)",32003,246106,1748,0.027,0.032,0.054,0.145,0.742
2021-05-08,1,Yes,Official,"Nev. Emerg. Declaration Directive 045 (May 3, 2021)",32003,246106,1748,0.027,0.032,0.054,0.145,0.742
2021-05-09,1,Yes,Official,"Nev. Emerg. Declaration Directive 045 (May 3, 2021)",32003,246106,1748,0.027,0.032,0.054,0.145,0.742
2021-05-10,1,Yes,Official,"Nev. Emerg. Declaration Directive 045 (May 3, 2021)",32003,246811,1748,0.027,0.032,0.054,0.145,0.742
2021-05-11,1,Yes,Official,"Nev. Emerg. Declaration Directive 045 (May 3, 2021)",32003,247186,1748,0.027,0.032,0.054,0.145,0.742
2021-05-12,1,Yes,Official,"Nev. Emerg. Declaration Directive 045 (May 3, 2021)",32003,247606,1748,0.027,0.032,0.054,0.145,0.742
2021-05-13,1,Yes,Official,"Nev. Emerg. Declaration Directive 045 (May 3, 2021)",32003,248006,1748,0.027,0.032,0.054,0.145,0.742
2021-05-14,1,Yes,Official,"Nev. Emerg. Declaration Directive 045 (May 3, 2021)",32003,248336,1748,0.027,0.032,0.054,0.145,0.742
2021-05-15,1,Yes,Official,"Nev. Emerg. Declaration Directive 045 (May 3, 2021)",32003,248336,1748,0.027,0.032,0.054,0.145,0.742
2021-05-16,1,Yes,Official,"Nev. Emerg. Declaration Directive 045 (May 3, 2021)",32003,248336,1748,0.027,0.032,0.054,0.145,0.742
2021-05-17,1,Yes,Official,"Nev. Emerg. Declaration Directive 045 (May 3, 2021)",32003,248793,1748,0.027,0.032,0.054,0.145,0.742
2021-05-18,1,Yes,Official,"Nev. Emerg. Declaration Directive 045 (May 3, 2021)",32003,249011,1748,0.027,0.032,0.054,0.145,0.742
2021-05-19,1,Yes,Official,"Nev. Emerg. Declaration Directive 045 (May 3, 2021)",32003,249295,1748,0.027,0.032,0.054,0.145,0.742
2021-05-20,1,Yes,Official,"Nev. Emerg. Declaration Directive 045 (May 3, 2021)",32003,249573,1748,0.027,0.032,0.054,0.145,0.742
2021-05-21,1,Yes,Official,"Nev. Emerg. Declaration Directive 045 (May 3, 2021)",32003,249831,1748,0.027,0.032,0.054,0.145,0.742
2021-05-22,1,Yes,Official,"Nev. Emerg. Declaration Directive 045 (May 3, 2021)",32003,249831,1748,0.027,0.032,0.054,0.145,0.742
2021-05-23,1,Yes,Official,"Nev. Emerg. Declaration Directive 045 (May 3, 2021)",32003,249831,1748,0.027,0.032,0.054,0.145,0.742
2021-05-24,1,Yes,Official,"Nev. Emerg. Declaration Directive 045 (May 3, 2021)",32003,250169,1748,0.027,0.032,0.054,0.145,0.742
2021-05-25,1,Yes,Official,"Nev. Emerg. Declaration Directive 045 (May 3, 2021)",32003,250386,1748,0.027,0.032,0.054,0.145,0.742
2021-05-26,1,Yes,Official,"Nev. Emerg. Declaration Directive 045 (May 3, 2021)",32003,250573,1748,0.027,0.032,0.054,0.145,0.742
2021-05-27,1,Yes,Official,"Nev. Emerg. Declaration Directive 045 (May 3, 2021)",32003,250785,1748,0.027,0.032,0.054,0.145,0.742
2021-05-28,1,Yes,Official,"Nev. Emerg. Declaration Directive 045 (May 3, 2021)",32003,251012,1748,0.027,0.032,0.054,0.145,0.742
2021-05-29,1,Yes,Official,"Nev. Emerg. Declaration Directive 045 (May 3, 2021)",32003,251012,1748,0.027,0.032,0.054,0.145,0.742
2021-05-30,1,Yes,Official,"Nev. Emerg. Declaration Directive 045 (May 3, 2021)",32003,251012,1748,0.027,0.032,0.054,0.145,0.742
2021-05-31,1,Yes,Official,"Nev. Emerg. Declaration Directive 045 (May 3, 2021)",32003,251012,1748,0.027,0.032,0.054,0.145,0.742
2021-06-01,1,Yes,Official,"Nev. Emerg. Declaration Directive 045 (May 3, 2021)",32003,251460,1748,0.027,0.032,0.054,0.145,0.742
2021-06-02,1,Yes,Official,"Nev. Emerg. Declaration Directive 045 (May 3, 2021)",32003,251809,1748,0.027,0.032,0.054,0.145,0.742
2021-06-03,1,Yes,Official,"Nev. Emerg. Declaration Directive 045 (May 3, 2021)",32003,252137,1748,0.027,0.032,0.054,0.145,0.742
2021-06-04,1,Yes,Official,"Nev. Emerg. Declaration Directive 045 (May 3, 2021)",32003,252450,1748,0.027,0.032,0.054,0.145,0.742
2021-06-05,1,Yes,Official,"Nev. Emerg. Declaration Directive 045 (May 3, 2021)",32003,252450,1748,0.027,0.032,0.054,0.145,0.742
2021-06-06,1,Yes,Official,"Nev. Emerg. Declaration Directive 045 (May 3, 2021)",32003,252450,1748,0.027,0.032,0.054,0.145,0.742
2021-06-07,1,Yes,Official,"Nev. Emerg. Declaration Directive 045 (May 3, 2021)",32003,253006,1748,0.027,0.032,0.054,0.145,0.742
2021-06-08,1,Yes,Official,"Nev. Emerg. Declaration Directive 045 (May 3, 2021)",32003,253297,1748,0.027,0.032,0.054,0.145,0.742
2021-06-09,1,Yes,Official,"Nev. Emerg. Declaration Directive 045 (May 3, 2021)",32003,253506,1748,0.027,0.032,0.054,0.145,0.742
2021-06-10,1,Yes,Official,"Nev. Emerg. Declaration Directive 045 (May 3, 2021)",32003,253754,1748,0.027,0.032,0.054,0.145,0.742
2021-06-11,1,Yes,Official,"Nev. Emerg. Declaration Directive 045 (May 3, 2021)",32003,253969,1748,0.027,0.032,0.054,0.145,0.742
2021-06-12,1,Yes,Official,"Nev. Emerg. Declaration Directive 045 (May 3, 2021)",32003,253969,1748,0.027,0.032,0.054,0.145,0.742
2021-06-13,1,Yes,Official,"Nev. Emerg. Declaration Directive 045 (May 3, 2021)",32003,253969,1748,0.027,0.032,0.054,0.145,0.742
2021-06-14,1,Yes,Official,"Nev. Emerg. Declaration Directive 045 (May 3, 2021)",32003,254376,1748,0.027,0.032,0.054,0.145,0.742
2021-06-15,1,Yes,Official,"Nev. Emerg. Declaration Directive 045 (May 3, 2021)",32003,254583,1748,0.027,0.032,0.054,0.145,0.742
2021-06-16,1,Yes,Official,"Nev. Emerg. Declaration Directive 045 (May 3, 2021)",32003,254912,1748,0.027,0.032,0.054,0.145,0.742
2021-06-17,1,Yes,Official,"Nev. Emerg. Declaration Directive 045 (May 3, 2021)",32003,255153,1748,0.027,0.032,0.054,0.145,0.742
2021-06-18,1,Yes,Official,"Nev. Emerg. Declaration Directive 045 (May 3, 2021)",32003,255515,1748,0.027,0.032,0.054,0.145,0.742
2021-06-19,1,Yes,Official,"Nev. Emerg. Declaration Directive 045 (May 3, 2021)",32003,255515,1748,0.027,0.032,0.054,0.145,0.742
2021-06-20,1,Yes,Official,"Nev. Emerg. Declaration Directive 045 (May 3, 2021)",32003,255515,1748,0.027,0.032,0.054,0.145,0.742
2021-06-21,1,Yes,Official,"Nev. Emerg. Declaration Directive 045 (May 3, 2021)",32003,256067,1748,0.027,0.032,0.054,0.145,0.742
2021-06-22,1,Yes,Official,"Nev. Emerg. Declaration Directive 045 (May 3, 2021)",32003,256415,1748,0.027,0.032,0.054,0.145,0.742
2021-06-23,1,Yes,Official,"Nev. Emerg. Declaration Directive 045 (May 3, 2021)",32003,256826,1748,0.027,0.032,0.054,0.145,0.742
2021-06-24,1,Yes,Official,"Nev. Emerg. Declaration Directive 045 (May 3, 2021)",32003,257221,1748,0.027,0.032,0.054,0.145,0.742
2021-06-25,1,Yes,Official,"Nev. Emerg. Declaration Directive 045 (May 3, 2021)",32003,257961,1748,0.027,0.032,0.054,0.145,0.742
2021-06-26,1,Yes,Official,"Nev. Emerg. Declaration Directive 045 (May 3, 2021)",32003,257961,1748,0.027,0.032,0.054,0.145,0.742
2021-06-27,1,Yes,Official,"Nev. Emerg. Declaration Directive 045 (May 3, 2021)",32003,257961,1748,0.027,0.032,0.054,0.145,0.742
2021-06-28,1,Yes,Official,"Nev. Emerg. Declaration Directive 045 (May 3, 2021)",32003,258822,1748,0.027,0.032,0.054,0.145,0.742
2021-06-29,1,Yes,Official,"Nev. Emerg. Declaration Directive 045 (May 3, 2021)",32003,259356,1748,0.027,0.032,0.054,0.145,0.742
2021-06-30,1,Yes,Official,"Nev. Emerg. Declaration Directive 045 (May 3, 2021)",32003,259885,1748,0.027,0.032,0.054,0.145,0.742
2021-07-01,1,Yes,Official,"Nev. Emerg. Declaration Directive 045 (May 3, 2021)",32003,260389,1748,0.027,0.032,0.054,0.145,0.742
2021-07-02,1,Yes,Official,"Nev. Emerg. Declaration Directive 045 (May 3, 2021)",32003,260838,1748,0.027,0.032,0.054,0.145,0.742
2021-07-03,1,Yes,Official,"Nev. Emerg. Declaration Directive 045 (May 3, 2021)",32003,260838,1748,0.027,0.032,0.054,0.145,0.742
2021-07-04,1,Yes,Official,"Nev. Emerg. Declaration Directive 045 (May 3, 2021)",32003,260838,1748,0.027,0.032,0.054,0.145,0.742
2021-07-05,1,Yes,Official,"Nev. Emerg. Declaration Directive 045 (May 3, 2021)",32003,260838,1748,0.027,0.032,0.054,0.145,0.742
2021-07-06,1,Yes,Official,"Nev. Emerg. Declaration Directive 045 (May 3, 2021)",32003,262134,1748,0.027,0.032,0.054,0.145,0.742
2021-07-07,1,Yes,Official,"Nev. Emerg. Declaration Directive 045 (May 3, 2021)",32003,262481,1748,0.027,0.032,0.054,0.145,0.742
2021-07-08,1,Yes,Official,"Nev. Emerg. Declaration Directive 045 (May 3, 2021)",32003,263144,1748,0.027,0.032,0.054,0.145,0.742
2021-07-09,1,Yes,Official,"Nev. Emerg. Declaration Directive 045 (May 3, 2021)",32003,263915,1748,0.027,0.032,0.054,0.145,0.742
2021-07-10,1,Yes,Official,"Nev. Emerg. Declaration Directive 045 (May 3, 2021)",32003,263915,1748,0.027,0.032,0.054,0.145,0.742
2021-07-11,1,Yes,Official,"Nev. Emerg. Declaration Directive 045 (May 3, 2021)",32003,263915,1748,0.027,0.032,0.054,0.145,0.742
2021-07-12,1,Yes,Official,"Nev. Emerg. Declaration Directive 045 (May 3, 2021)",32003,265462,1748,0.027,0.032,0.054,0.145,0.742
2021-07-13,1,Yes,Official,"Nev. Emerg. Declaration Directive 045 (May 3, 2021)",32003,266224,1748,0.027,0.032,0.054,0.145,0.742
2021-07-14,1,Yes,Official,"Nev. Emerg. Declaration Directive 045 (May 3, 2021)",32003,266846,1748,0.027,0.032,0.054,0.145,0.742
2021-07-15,1,Yes,Official,"Nev. Emerg. Declaration Directive 045 (May 3, 2021)",32003,267734,1748,0.027,0.032,0.054,0.145,0.742
2021-07-16,1,Yes,Official,"Nev. Emerg. Declaration Directive 045 (May 3, 2021)",32003,268514,1748,0.027,0.032,0.054,0.145,0.742
2021-07-17,1,Yes,Official,"Nev. Emerg. Declaration Directive 045 (May 3, 2021)",32003,268514,1748,0.027,0.032,0.054,0.145,0.742
2021-07-18,1,Yes,Official,"Nev. Emerg. Declaration Directive 045 (May 3, 2021)",32003,268514,1748,0.027,0.032,0.054,0.145,0.742
2021-07-19,1,Yes,Official,"Nev. Emerg. Declaration Directive 045 (May 3, 2021)",32003,270421,1748,0.027,0.032,0.054,0.145,0.742
2021-07-20,1,Yes,Official,"Nev. Emerg. Declaration Directive 045 (May 3, 2021)",32003,271310,1748,0.027,0.032,0.054,0.145,0.742
2021-07-21,1,Yes,Official,"Nev. Emerg. Declaration Directive 045 (May 3, 2021)",32003,272152,1748,0.027,0.032,0.054,0.145,0.742
2021-07-22,1,Yes,Official,"Nev. Emerg. Declaration Directive 045 (May 3, 2021)",32003,272979,1748,0.027,0.032,0.054,0.145,0.742
2021-07-23,1,Yes,Official,"Nev. Emerg. Declaration Directive 045 (May 3, 2021)",32003,273860,1748,0.027,0.032,0.054,0.145,0.742
2021-07-24,1,Yes,Official,"Nev. Emerg. Declaration Directive 045 (May 3, 2021)",32003,273860,1748,0.027,0.032,0.054,0.145,0.742
2021-07-25,1,Yes,Official,"Nev. Emerg. Declaration Directive 045 (May 3, 2021)",32003,273860,1748,0.027,0.032,0.054,0.145,0.742
2021-07-26,1,Yes,Official,"Nev. Emerg. Declaration Directive 045 (May 3, 2021)",32003,275983,1748,0.027,0.032,0.054,0.145,0.742
2021-07-27,1,Yes,Official,"Nev. Emerg. Declaration Directive 045 (May 3, 2021)",32003,276934,1748,0.027,0.032,0.054,0.145,0.742
2021-07-28,1,Yes,Official,"Nev. Emerg. Declaration Directive 045 (May 3, 2021)",32003,277982,1748,0.027,0.032,0.054,0.145,0.742
2021-07-29,1,Yes,Official,"Nev. Emerg. Declaration Directive 045 (May 3, 2021)",32003,279142,1748,0.027,0.032,0.054,0.145,0.742
2021-07-30,1,Yes,Official,"Nev. Emerg. Declaration Directive 047 (July 27, 2021)",32003,280201,1748,0.027,0.032,0.054,0.145,0.742
2021-07-31,1,Yes,Official,"Nev. Emerg. Declaration Directive 047 (July 27, 2021)",32003,280201,1748,0.027,0.032,0.054,0.145,0.742
2021-08-01,1,Yes,Official,"Nev. Emerg. Declaration Directive 047 (July 27, 2021)",32003,280201,1748,0.027,0.032,0.054,0.145,0.742
2021-08-02,1,Yes,Official,"Nev. Emerg. Declaration Directive 047 (July 27, 2021)",32003,282357,1748,0.027,0.032,0.054,0.145,0.742
2021-08-03,1,Yes,Official,"Nev. Emerg. Declaration Directive 047 (July 27, 2021)",32003,283321,1748,0.027,0.032,0.054,0.145,0.742
2021-08-04,1,Yes,Official,"Nev. Emerg. Declaration Directive 047 (July 27, 2021)",32003,284046,1748,0.027,0.032,0.054,0.145,0.742
2021-08-05,1,Yes,Official,"Nev. Emerg. Declaration Directive 047 (July 27, 2021)",32003,284982,1748,0.027,0.032,0.054,0.145,0.742
2021-08-06,1,Yes,Official,"Nev. Task Force Press Release (Mask guidance) (Aug. 3, 2021)",32003,285938,1748,0.027,0.032,0.054,0.145,0.742
2021-08-07,1,Yes,Official,"Nev. Task Force Press Release (Mask guidance) (Aug. 3, 2021)",32003,285938,1748,0.027,0.032,0.054,0.145,0.742
2021-08-08,1,Yes,Official,"Nev. Task Force Press Release (Mask guidance) (Aug. 3, 2021)",32003,285938,1748,0.027,0.032,0.054,0.145,0.742
2021-08-09,1,Yes,Official,"Nev. Task Force Press Release (Mask guidance) (Aug. 3, 2021)",32003,288381,1748,0.027,0.032,0.054,0.145,0.742
2021-08-10,1,Yes,Official,"Nev. Task Force Press Release (Mask guidance) (Aug. 3, 2021)",32003,289114,1748,0.027,0.032,0.054,0.145,0.742
2021-08-11,1,Yes,Official,"Nev. Task Force Press Release (Mask guidance) (Aug. 3, 2021)",32003,289746,1748,0.027,0.032,0.054,0.145,0.742
2021-08-12,1,Yes,Official,"Nev. Task Force Press Release (Mask guidance) (Aug. 3, 2021)",32003,290632,1748,0.027,0.032,0.054,0.145,0.742
2021-08-13,1,Yes,Official,"Nev. Task Force Press Release (Aug. 10, 2021) (Mask update)",32003,291502,1748,0.027,0.032,0.054,0.145,0.742
2021-08-14,1,Yes,Official,"Nev. Task Force Press Release (Aug. 10, 2021) (Mask update)",32003,291502,1748,0.027,0.032,0.054,0.145,0.742
2021-08-15,1,Yes,Official,"Nev. Task Force Press Release (Aug. 10, 2021) (Mask update)",32003,291502,1748,0.027,0.032,0.054,0.145,0.742
