order_code,Face_Masks_Required_in_Public,Source_of_Action,Citation,COUNTYFP,confirmed_cases,index,NEVER,RARELY,SOMETIMES,FREQUENTLY,ALWAYS,date,slope,avg_slope
2,No,,,32003,5366,1748,0.027,0.032,0.054,0.145,0.742,2020-05-17,0.0,0.0
2,No,,,32003,5463,1748,0.027,0.032,0.054,0.145,0.742,2020-05-18,97.0,0.0
2,No,,,32003,5463,1748,0.027,0.032,0.054,0.145,0.742,2020-05-19,0.0,0.0
2,No,,,32003,5650,1748,0.027,0.032,0.054,0.145,0.742,2020-05-20,187.0,0.0
2,No,,,32003,5734,1748,0.027,0.032,0.054,0.145,0.742,2020-05-21,84.0,73.6
2,No,,,32003,5815,1748,0.027,0.032,0.054,0.145,0.742,2020-05-22,81.0,89.8
2,No,,,32003,5815,1748,0.027,0.032,0.054,0.145,0.742,2020-05-23,0.0,70.4
2,No,,,32003,6140,1748,0.027,0.032,0.054,0.145,0.742,2020-05-24,325.0,135.4
2,No,,,32003,6182,1748,0.027,0.032,0.054,0.145,0.742,2020-05-25,42.0,106.4
2,No,,,32003,6226,1748,0.027,0.032,0.054,0.145,0.742,2020-05-26,44.0,98.4
2,No,,,32003,6287,1748,0.027,0.032,0.054,0.145,0.742,2020-05-27,61.0,94.4
2,No,,,32003,6352,1748,0.027,0.032,0.054,0.145,0.742,2020-05-28,65.0,107.4
2,No,,,32003,2144,1748,0.027,0.032,0.054,0.145,0.742,2020-04-10,-4208.0,-799.2
2,No,,,32003,2144,1748,0.027,0.032,0.054,0.145,0.742,2020-04-11,0.0,-807.6
2,No,,,32003,2324,1748,0.027,0.032,0.054,0.145,0.742,2020-04-12,180.0,-780.4
2,No,,,32003,2444,1748,0.027,0.032,0.054,0.145,0.742,2020-04-13,120.0,-768.6
2,No,,,32003,2509,1748,0.027,0.032,0.054,0.145,0.742,2020-04-14,65.0,-768.6
2,No,,,32003,2559,1748,0.027,0.032,0.054,0.145,0.742,2020-04-15,50.0,83.0
2,No,,,32003,2559,1748,0.027,0.032,0.054,0.145,0.742,2020-04-16,0.0,83.0
2,No,,,32003,2738,1748,0.027,0.032,0.054,0.145,0.742,2020-04-17,179.0,82.8
2,No,,,32003,2882,1748,0.027,0.032,0.054,0.145,0.742,2020-04-18,144.0,87.6
2,No,,,32003,2940,1748,0.027,0.032,0.054,0.145,0.742,2020-04-19,58.0,86.2
2,No,,,32003,2998,1748,0.027,0.032,0.054,0.145,0.742,2020-04-20,58.0,87.8
2,No,,,32003,3099,1748,0.027,0.032,0.054,0.145,0.742,2020-04-21,101.0,108.0
2,No,,,32003,3218,1748,0.027,0.032,0.054,0.145,0.742,2020-04-22,119.0,96.0
2,No,,,32003,3314,1748,0.027,0.032,0.054,0.145,0.742,2020-04-23,96.0,86.4
2,No,,,32003,3443,1748,0.027,0.032,0.054,0.145,0.742,2020-04-24,129.0,100.6
2,No,,,32003,3570,1748,0.027,0.032,0.054,0.145,0.742,2020-04-25,127.0,114.4
2,No,,,32003,3665,1748,0.027,0.032,0.054,0.145,0.742,2020-04-26,95.0,113.2
2,No,,,32003,3717,1748,0.027,0.032,0.054,0.145,0.742,2020-04-27,52.0,99.8
2,No,,,32003,3793,1748,0.027,0.032,0.054,0.145,0.742,2020-04-28,76.0,95.8
2,No,,,32003,3891,1748,0.027,0.032,0.054,0.145,0.742,2020-04-29,98.0,89.6
2,No,,,32003,3979,1748,0.027,0.032,0.054,0.145,0.742,2020-04-30,88.0,81.8
2,No,,,32003,4118,1748,0.027,0.032,0.054,0.145,0.742,2020-05-01,139.0,90.6
2,No,,,32003,4225,1748,0.027,0.032,0.054,0.145,0.742,2020-05-02,107.0,101.6
2,No,,,32003,4274,1748,0.027,0.032,0.054,0.145,0.742,2020-05-03,49.0,96.2
2,No,,,32003,4411,1748,0.027,0.032,0.054,0.145,0.742,2020-05-04,137.0,104.0
2,No,,,32003,4408,1748,0.027,0.032,0.054,0.145,0.742,2020-05-05,-3.0,85.8
2,No,,,32003,4473,1748,0.027,0.032,0.054,0.145,0.742,2020-05-06,65.0,71.0
2,No,,,32003,4573,1748,0.027,0.032,0.054,0.145,0.742,2020-05-07,100.0,69.6
2,No,,,32003,4573,1748,0.027,0.032,0.054,0.145,0.742,2020-05-08,0.0,59.8
2,No,,,32003,4704,1748,0.027,0.032,0.054,0.145,0.742,2020-05-09,131.0,58.6
2,No,,,32003,4750,1748,0.027,0.032,0.054,0.145,0.742,2020-05-10,46.0,68.4
2,No,,,32003,4762,1748,0.027,0.032,0.054,0.145,0.742,2020-05-11,12.0,57.8
2,No,,,32003,4869,1748,0.027,0.032,0.054,0.145,0.742,2020-05-12,107.0,59.2
2,No,,,32003,5045,1748,0.027,0.032,0.054,0.145,0.742,2020-05-13,176.0,94.4
2,No,,,32003,5045,1748,0.027,0.032,0.054,0.145,0.742,2020-05-14,0.0,68.2
2,No,,,32003,5235,1748,0.027,0.032,0.054,0.145,0.742,2020-05-15,190.0,97.0
2,No,,,32003,5298,1748,0.027,0.032,0.054,0.145,0.742,2020-05-16,63.0,107.2
2,No,,,32003,6457,1748,0.027,0.032,0.054,0.145,0.742,2020-05-29,1159.0,317.6
2,No,,,32003,6579,1748,0.027,0.032,0.054,0.145,0.742,2020-05-30,122.0,306.8
2,No,,,32003,6657,1748,0.027,0.032,0.054,0.145,0.742,2020-05-31,78.0,322.4
2,No,,,32003,6719,1748,0.027,0.032,0.054,0.145,0.742,2020-06-01,62.0,296.8
2,No,,,32003,6845,1748,0.027,0.032,0.054,0.145,0.742,2020-06-02,126.0,309.4
2,No,,,32003,6923,1748,0.027,0.032,0.054,0.145,0.742,2020-06-03,78.0,93.2
2,No,,,32003,7056,1748,0.027,0.032,0.054,0.145,0.742,2020-06-04,133.0,95.4
2,No,,,32003,7186,1748,0.027,0.032,0.054,0.145,0.742,2020-06-05,130.0,105.8
2,No,,,32003,7331,1748,0.027,0.032,0.054,0.145,0.742,2020-06-06,145.0,122.4
2,No,,,32003,7483,1748,0.027,0.032,0.054,0.145,0.742,2020-06-07,152.0,127.6
2,No,,,32003,7592,1748,0.027,0.032,0.054,0.145,0.742,2020-06-08,109.0,133.8
2,No,,,32003,7799,1748,0.027,0.032,0.054,0.145,0.742,2020-06-09,207.0,148.6
2,No,,,32003,7915,1748,0.027,0.032,0.054,0.145,0.742,2020-06-10,116.0,145.8
2,No,,,32003,8100,1748,0.027,0.032,0.054,0.145,0.742,2020-06-11,185.0,153.8
2,No,,,32003,8314,1748,0.027,0.032,0.054,0.145,0.742,2020-06-12,214.0,166.2
2,No,,,32003,8556,1748,0.027,0.032,0.054,0.145,0.742,2020-06-13,242.0,192.8
2,No,,,32003,8735,1748,0.027,0.032,0.054,0.145,0.742,2020-06-14,179.0,187.2
2,No,,,32003,8815,1748,0.027,0.032,0.054,0.145,0.742,2020-06-15,80.0,180.0
2,No,,,32003,9157,1748,0.027,0.032,0.054,0.145,0.742,2020-06-16,342.0,211.4
2,No,,,32003,9318,1748,0.027,0.032,0.054,0.145,0.742,2020-06-17,161.0,200.8
2,No,,,32003,9535,1748,0.027,0.032,0.054,0.145,0.742,2020-06-18,217.0,195.8
2,No,,,32003,9852,1748,0.027,0.032,0.054,0.145,0.742,2020-06-19,317.0,223.4
2,No,,,32003,10259,1748,0.027,0.032,0.054,0.145,0.742,2020-06-20,407.0,288.8
2,No,,,32003,10486,1748,0.027,0.032,0.054,0.145,0.742,2020-06-21,227.0,265.8
2,No,,,32003,10774,1748,0.027,0.032,0.054,0.145,0.742,2020-06-22,288.0,291.2
2,No,,,32003,11186,1748,0.027,0.032,0.054,0.145,0.742,2020-06-23,412.0,330.2
1,Yes,Official,"Nev. Guidance on Directive 024 (June 24, 2020)",32003,11481,1748,0.027,0.032,0.054,0.145,0.742,2020-06-24,295.0,325.8
1,Yes,Official,"Nev. Guidance on Directive 024 (June 24, 2020)",32003,11878,1748,0.027,0.032,0.054,0.145,0.742,2020-06-25,397.0,323.8
1,Yes,Official,"Nev. Guidance on Directive 024 (June 24, 2020)",32003,12204,1748,0.027,0.032,0.054,0.145,0.742,2020-06-26,326.0,343.6
1,Yes,Official,"Nev. Guidance on Directive 024 (June 24, 2020)",32003,13174,1748,0.027,0.032,0.054,0.145,0.742,2020-06-27,970.0,480.0
1,Yes,Official,"Nev. Guidance on Directive 024 (June 24, 2020)",32003,13910,1748,0.027,0.032,0.054,0.145,0.742,2020-06-28,736.0,544.8
1,Yes,Official,"Nev. Guidance on Directive 024 (June 24, 2020)",32003,14607,1748,0.027,0.032,0.054,0.145,0.742,2020-06-29,697.0,625.2
1,Yes,Official,"Nev. Guidance on Directive 024 (June 24, 2020)",32003,15095,1748,0.027,0.032,0.054,0.145,0.742,2020-06-30,488.0,643.4
1,Yes,Official,"Nev. Guidance on Directive 024 (June 24, 2020)",32003,15604,1748,0.027,0.032,0.054,0.145,0.742,2020-07-01,509.0,680.0
1,Yes,Official,"Nev. Guidance on Directive 024 (June 24, 2020)",32003,16180,1748,0.027,0.032,0.054,0.145,0.742,2020-07-02,576.0,601.2
1,Yes,Official,"Nev. Guidance on Directive 024 (June 24, 2020)",32003,17028,1748,0.027,0.032,0.054,0.145,0.742,2020-07-03,848.0,623.6
1,Yes,Official,"Nev. Guidance on Directive 024 (June 24, 2020)",32003,17707,1748,0.027,0.032,0.054,0.145,0.742,2020-07-04,679.0,620.0
1,Yes,Official,"Nev. Guidance on Directive 024 (June 24, 2020)",32003,18442,1748,0.027,0.032,0.054,0.145,0.742,2020-07-05,735.0,669.4
1,Yes,Official,"Nev. Guidance on Directive 024 (June 24, 2020)",32003,18818,1748,0.027,0.032,0.054,0.145,0.742,2020-07-06,376.0,642.8
1,Yes,Official,"Nev. Guidance on Directive 024 (June 24, 2020)",32003,19654,1748,0.027,0.032,0.054,0.145,0.742,2020-07-07,836.0,694.8
1,Yes,Official,"Nev. Guidance on Directive 024 (June 24, 2020)",32003,20126,1748,0.027,0.032,0.054,0.145,0.742,2020-07-08,472.0,619.6
1,Yes,Official,"Nev. Guidance on Directive 024 (June 24, 2020)",32003,20622,1748,0.027,0.032,0.054,0.145,0.742,2020-07-09,496.0,583.0
1,Yes,Official,"Nev. Guidance on Directive 024 (June 24, 2020)",32003,21449,1748,0.027,0.032,0.054,0.145,0.742,2020-07-10,827.0,601.4
1,Yes,Official,"Nev. Guidance on Directive 024 (June 24, 2020)",32003,22286,1748,0.027,0.032,0.054,0.145,0.742,2020-07-11,837.0,693.6
1,Yes,Official,"Nev. Guidance on Directive 024 (June 24, 2020)",32003,23048,1748,0.027,0.032,0.054,0.145,0.742,2020-07-12,762.0,678.8
1,Yes,Official,"Nev. Guidance on Directive 024 (June 24, 2020)",32003,23803,1748,0.027,0.032,0.054,0.145,0.742,2020-07-13,755.0,735.4
1,Yes,Official,"Nev. Guidance on Directive 024 (June 24, 2020)",32003,24824,1748,0.027,0.032,0.054,0.145,0.742,2020-07-14,1021.0,840.4
1,Yes,Official,"Nev. Guidance on Directive 024 (June 24, 2020)",32003,25611,1748,0.027,0.032,0.054,0.145,0.742,2020-07-15,787.0,832.4
1,Yes,Official,"Nev. Guidance on Directive 024 (June 24, 2020)",32003,26926,1748,0.027,0.032,0.054,0.145,0.742,2020-07-16,1315.0,928.0
1,Yes,Official,"Nev. Guidance on Directive 024 (June 24, 2020)",32003,28189,1748,0.027,0.032,0.054,0.145,0.742,2020-07-17,1263.0,1028.2
1,Yes,Official,"Nev. Guidance on Directive 024 (June 24, 2020)",32003,29304,1748,0.027,0.032,0.054,0.145,0.742,2020-07-18,1115.0,1100.2
1,Yes,Official,"Nev. Guidance on Directive 024 (June 24, 2020)",32003,30432,1748,0.027,0.032,0.054,0.145,0.742,2020-07-19,1128.0,1121.6
1,Yes,Official,"Nev. Guidance on Directive 024 (June 24, 2020)",32003,31312,1748,0.027,0.032,0.054,0.145,0.742,2020-07-20,880.0,1140.2
1,Yes,Official,"Nev. Guidance on Directive 024 (June 24, 2020)",32003,32025,1748,0.027,0.032,0.054,0.145,0.742,2020-07-21,713.0,1019.8
1,Yes,Official,"Nev. Guidance on Directive 024 (June 24, 2020)",32003,33057,1748,0.027,0.032,0.054,0.145,0.742,2020-07-22,1032.0,973.6
1,Yes,Official,"Nev. Guidance on Directive 024 (June 24, 2020)",32003,34209,1748,0.027,0.032,0.054,0.145,0.742,2020-07-23,1152.0,981.0
1,Yes,Official,"Nev. Guidance on Directive 024 (June 24, 2020)",32003,35000,1748,0.027,0.032,0.054,0.145,0.742,2020-07-24,791.0,913.6
1,Yes,Official,"Nev. Guidance on Directive 024 (June 24, 2020)",32003,35786,1748,0.027,0.032,0.054,0.145,0.742,2020-07-25,786.0,894.8
1,Yes,Official,"Nev. Guidance on Directive 024 (June 24, 2020)",32003,36593,1748,0.027,0.032,0.054,0.145,0.742,2020-07-26,807.0,913.6
1,Yes,Official,"Nev. Guidance on Directive 024 (June 24, 2020)",32003,37492,1748,0.027,0.032,0.054,0.145,0.742,2020-07-27,899.0,887.0
1,Yes,Official,"Nev. Guidance on Directive 024 (June 24, 2020)",32003,38534,1748,0.027,0.032,0.054,0.145,0.742,2020-07-28,1042.0,865.0
1,Yes,Official,"Nev. Guidance on Directive 024 (June 24, 2020)",32003,39345,1748,0.027,0.032,0.054,0.145,0.742,2020-07-29,811.0,869.0
1,Yes,Official,"Nev. Guidance on Directive 024 (June 24, 2020)",32003,40193,1748,0.027,0.032,0.054,0.145,0.742,2020-07-30,848.0,881.4
1,Yes,Official,"Nev. Guidance on Directive 024 (June 24, 2020)",32003,41245,1748,0.027,0.032,0.054,0.145,0.742,2020-07-31,1052.0,930.4
1,Yes,Official,"Nev. Guidance on Directive 024 (June 24, 2020)",32003,42167,1748,0.027,0.032,0.054,0.145,0.742,2020-08-01,922.0,935.0
1,Yes,Official,"Nev. Guidance on Directive 024 (June 24, 2020)",32003,43147,1748,0.027,0.032,0.054,0.145,0.742,2020-08-02,980.0,922.6
1,Yes,Official,"Nev. Guidance on Directive 024 (June 24, 2020)",32003,44066,1748,0.027,0.032,0.054,0.145,0.742,2020-08-03,919.0,944.2
1,Yes,Official,"Nev. Guidance on Directive 024 (June 24, 2020)",32003,44997,1748,0.027,0.032,0.054,0.145,0.742,2020-08-04,931.0,960.8
1,Yes,Official,"Nev. Guidance on Directive 024 (June 24, 2020)",32003,45563,1748,0.027,0.032,0.054,0.145,0.742,2020-08-05,566.0,863.6
1,Yes,Official,"Nev. Guidance on Directive 024 (June 24, 2020)",32003,46184,1748,0.027,0.032,0.054,0.145,0.742,2020-08-06,621.0,803.4
1,Yes,Official,"Nev. Guidance on Directive 024 (June 24, 2020)",32003,46990,1748,0.027,0.032,0.054,0.145,0.742,2020-08-07,806.0,768.6
1,Yes,Official,"Nev. Guidance on Directive 024 (June 24, 2020)",32003,47739,1748,0.027,0.032,0.054,0.145,0.742,2020-08-08,749.0,734.6
1,Yes,Official,"Nev. Guidance on Directive 024 (June 24, 2020)",32003,48466,1748,0.027,0.032,0.054,0.145,0.742,2020-08-09,727.0,693.8
1,Yes,Official,"Nev. Guidance on Directive 024 (June 24, 2020)",32003,49151,1748,0.027,0.032,0.054,0.145,0.742,2020-08-10,685.0,717.6
1,Yes,Official,"Nev. Guidance on Directive 024 (June 24, 2020)",32003,49646,1748,0.027,0.032,0.054,0.145,0.742,2020-08-11,495.0,692.4
1,Yes,Official,"Nev. Guidance on Directive 024 (June 24, 2020)",32003,50081,1748,0.027,0.032,0.054,0.145,0.742,2020-08-12,435.0,618.2
1,Yes,Official,"Nev. Guidance on Directive 024 (June 24, 2020)",32003,50569,1748,0.027,0.032,0.054,0.145,0.742,2020-08-13,488.0,566.0
1,Yes,Official,"Nev. Guidance on Directive 024 (June 24, 2020)",32003,51457,1748,0.027,0.032,0.054,0.145,0.742,2020-08-14,888.0,598.2
1,Yes,Official,"Nev. Guidance on Directive 024 (June 24, 2020)",32003,52239,1748,0.027,0.032,0.054,0.145,0.742,2020-08-15,782.0,617.6
1,Yes,Official,"Nev. Guidance on Directive 024 (June 24, 2020)",32003,52867,1748,0.027,0.032,0.054,0.145,0.742,2020-08-16,628.0,644.2
1,Yes,Official,"Nev. Guidance on Directive 024 (June 24, 2020)",32003,53458,1748,0.027,0.032,0.054,0.145,0.742,2020-08-17,591.0,675.4
1,Yes,Official,"Nev. Guidance on Directive 024 (June 24, 2020)",32003,54076,1748,0.027,0.032,0.054,0.145,0.742,2020-08-18,618.0,701.4
1,Yes,Official,"Nev. Guidance on Directive 024 (June 24, 2020)",32003,54353,1748,0.027,0.032,0.054,0.145,0.742,2020-08-19,277.0,579.2
1,Yes,Official,"Nev. Guidance on Directive 024 (June 24, 2020)",32003,54795,1748,0.027,0.032,0.054,0.145,0.742,2020-08-20,442.0,511.2
1,Yes,Official,"Nev. Guidance on Directive 024 (June 24, 2020)",32003,55521,1748,0.027,0.032,0.054,0.145,0.742,2020-08-21,726.0,530.8
1,Yes,Official,"Nev. Guidance on Directive 024 (June 24, 2020)",32003,56010,1748,0.027,0.032,0.054,0.145,0.742,2020-08-22,489.0,510.4
1,Yes,Official,"Nev. Guidance on Directive 024 (June 24, 2020)",32003,56464,1748,0.027,0.032,0.054,0.145,0.742,2020-08-23,454.0,477.6
1,Yes,Official,"Nev. Guidance on Directive 024 (June 24, 2020)",32003,56796,1748,0.027,0.032,0.054,0.145,0.742,2020-08-24,332.0,488.6
1,Yes,Official,"Nev. Guidance on Directive 024 (June 24, 2020)",32003,57131,1748,0.027,0.032,0.054,0.145,0.742,2020-08-25,335.0,467.2
1,Yes,Official,"Nev. Guidance on Directive 024 (June 24, 2020)",32003,57283,1748,0.027,0.032,0.054,0.145,0.742,2020-08-26,152.0,352.4
1,Yes,Official,"Nev. Guidance on Directive 024 (June 24, 2020)",32003,57756,1748,0.027,0.032,0.054,0.145,0.742,2020-08-27,473.0,349.2
1,Yes,Official,"Nev. Guidance on Directive 024 (June 24, 2020)",32003,58292,1748,0.027,0.032,0.054,0.145,0.742,2020-08-28,536.0,365.6
1,Yes,Official,"Nev. Guidance on Directive 024 (June 24, 2020)",32003,58789,1748,0.027,0.032,0.054,0.145,0.742,2020-08-29,497.0,398.6
1,Yes,Official,"Nev. Guidance on Directive 024 (June 24, 2020)",32003,59153,1748,0.027,0.032,0.054,0.145,0.742,2020-08-30,364.0,404.4
1,Yes,Official,"Nev. Guidance on Directive 024 (June 24, 2020)",32003,59420,1748,0.027,0.032,0.054,0.145,0.742,2020-08-31,267.0,427.4
1,Yes,Official,"Nev. Guidance on Directive 024 (June 24, 2020)",32003,59716,1748,0.027,0.032,0.054,0.145,0.742,2020-09-01,296.0,392.0
1,Yes,Official,"Nev. Guidance on Directive 024 (June 24, 2020)",32003,59857,1748,0.027,0.032,0.054,0.145,0.742,2020-09-02,141.0,313.0
1,Yes,Official,"Nev. Guidance on Directive 024 (June 24, 2020)",32003,60144,1748,0.027,0.032,0.054,0.145,0.742,2020-09-03,287.0,271.0
1,Yes,Official,"Nev. Guidance on Directive 024 (June 24, 2020)",32003,60514,1748,0.027,0.032,0.054,0.145,0.742,2020-09-04,370.0,272.2
1,Yes,Official,"Nev. Guidance on Directive 024 (June 24, 2020)",32003,60819,1748,0.027,0.032,0.054,0.145,0.742,2020-09-05,305.0,279.8
1,Yes,Official,"Nev. Guidance on Directive 024 (June 24, 2020)",32003,61237,1748,0.027,0.032,0.054,0.145,0.742,2020-09-06,418.0,304.2
1,Yes,Official,"Nev. Guidance on Directive 024 (June 24, 2020)",32003,61476,1748,0.027,0.032,0.054,0.145,0.742,2020-09-07,239.0,323.8
1,Yes,Official,"Nev. Guidance on Directive 024 (June 24, 2020)",32003,61543,1748,0.027,0.032,0.054,0.145,0.742,2020-09-08,67.0,279.8
1,Yes,Official,"Nev. Guidance on Directive 024 (June 24, 2020)",32003,61642,1748,0.027,0.032,0.054,0.145,0.742,2020-09-09,99.0,225.6
1,Yes,Official,"Nev. Guidance on Directive 024 (June 24, 2020)",32003,61871,1748,0.027,0.032,0.054,0.145,0.742,2020-09-10,229.0,210.4
1,Yes,Official,"Nev. Guidance on Directive 024 (June 24, 2020)",32003,62057,1748,0.027,0.032,0.054,0.145,0.742,2020-09-11,186.0,164.0
1,Yes,Official,"Nev. Guidance on Directive 024 (June 24, 2020)",32003,62402,1748,0.027,0.032,0.054,0.145,0.742,2020-09-12,345.0,185.2
1,Yes,Official,"Nev. Guidance on Directive 024 (June 24, 2020)",32003,62650,1748,0.027,0.032,0.054,0.145,0.742,2020-09-13,248.0,221.4
1,Yes,Official,"Nev. Guidance on Directive 024 (June 24, 2020)",32003,62812,1748,0.027,0.032,0.054,0.145,0.742,2020-09-14,162.0,234.0
1,Yes,Official,"Nev. Guidance on Directive 024 (June 24, 2020)",32003,62952,1748,0.027,0.032,0.054,0.145,0.742,2020-09-15,140.0,216.2
1,Yes,Official,"Nev. Guidance on Directive 024 (June 24, 2020)",32003,63077,1748,0.027,0.032,0.054,0.145,0.742,2020-09-16,125.0,204.0
1,Yes,Official,"Nev. Guidance on Directive 024 (June 24, 2020)",32003,63301,1748,0.027,0.032,0.054,0.145,0.742,2020-09-17,224.0,179.8
1,Yes,Official,"Nev. Guidance on Directive 024 (June 24, 2020)",32003,63603,1748,0.027,0.032,0.054,0.145,0.742,2020-09-18,302.0,190.6
1,Yes,Official,"Nev. Guidance on Directive 024 (June 24, 2020)",32003,63877,1748,0.027,0.032,0.054,0.145,0.742,2020-09-19,274.0,213.0
1,Yes,Official,"Nev. Guidance on Directive 024 (June 24, 2020)",32003,64160,1748,0.027,0.032,0.054,0.145,0.742,2020-09-20,283.0,241.6
1,Yes,Official,"Nev. Guidance on Directive 024 (June 24, 2020)",32003,64288,1748,0.027,0.032,0.054,0.145,0.742,2020-09-21,128.0,242.2
1,Yes,Official,"Nev. Guidance on Directive 024 (June 24, 2020)",32003,64470,1748,0.027,0.032,0.054,0.145,0.742,2020-09-22,182.0,233.8
1,Yes,Official,"Nev. Guidance on Directive 024 (June 24, 2020)",32003,64895,1748,0.027,0.032,0.054,0.145,0.742,2020-09-23,425.0,258.4
1,Yes,Official,"Nev. Guidance on Directive 024 (June 24, 2020)",32003,65175,1748,0.027,0.032,0.054,0.145,0.742,2020-09-24,280.0,259.6
1,Yes,Official,"Nev. Guidance on Directive 024 (June 24, 2020)",32003,65583,1748,0.027,0.032,0.054,0.145,0.742,2020-09-25,408.0,284.6
1,Yes,Official,"Nev. Guidance on Directive 024 (June 24, 2020)",32003,66009,1748,0.027,0.032,0.054,0.145,0.742,2020-09-26,426.0,344.2
1,Yes,Official,"Nev. Guidance on Directive 024 (June 24, 2020)",32003,66262,1748,0.027,0.032,0.054,0.145,0.742,2020-09-27,253.0,358.4
1,Yes,Official,"Nev. Guidance on Directive 024 (June 24, 2020)",32003,66620,1748,0.027,0.032,0.054,0.145,0.742,2020-09-28,358.0,345.0
1,Yes,Official,"Nev. Guidance on Directive 024 (June 24, 2020)",32003,66899,1748,0.027,0.032,0.054,0.145,0.742,2020-09-29,279.0,344.8
1,Yes,Official,"Nev. Guidance on Directive 024 (June 24, 2020)",32003,67176,1748,0.027,0.032,0.054,0.145,0.742,2020-09-30,277.0,318.6
1,Yes,Official,"Nev. Guidance on Directive 024 (June 24, 2020)",32003,67499,1748,0.027,0.032,0.054,0.145,0.742,2020-10-01,323.0,298.0
1,Yes,Official,"Nev. Guidance on Directive 024 (June 24, 2020)",32003,68162,1748,0.027,0.032,0.054,0.145,0.742,2020-10-02,663.0,380.0
1,Yes,Official,"Nev. Guidance on Directive 024 (June 24, 2020)",32003,68580,1748,0.027,0.032,0.054,0.145,0.742,2020-10-03,418.0,392.0
1,Yes,Official,"Nev. Guidance on Directive 024 (June 24, 2020)",32003,68851,1748,0.027,0.032,0.054,0.145,0.742,2020-10-04,271.0,390.4
1,Yes,Official,"Nev. Guidance on Directive 024 (June 24, 2020)",32003,69151,1748,0.027,0.032,0.054,0.145,0.742,2020-10-05,300.0,395.0
1,Yes,Official,"Nev. Guidance on Directive 024 (June 24, 2020)",32003,69498,1748,0.027,0.032,0.054,0.145,0.742,2020-10-06,347.0,399.8
1,Yes,Official,"Nev. Guidance on Directive 024 (June 24, 2020)",32003,69801,1748,0.027,0.032,0.054,0.145,0.742,2020-10-07,303.0,327.8
1,Yes,Official,"Nev. Guidance on Directive 024 (June 24, 2020)",32003,70121,1748,0.027,0.032,0.054,0.145,0.742,2020-10-08,320.0,308.2
1,Yes,Official,"Nev. Guidance on Directive 024 (June 24, 2020)",32003,70730,1748,0.027,0.032,0.054,0.145,0.742,2020-10-09,609.0,375.8
1,Yes,Official,"Nev. Guidance on Directive 024 (June 24, 2020)",32003,71325,1748,0.027,0.032,0.054,0.145,0.742,2020-10-10,595.0,434.8
1,Yes,Official,"Nev. Guidance on Directive 024 (June 24, 2020)",32003,71633,1748,0.027,0.032,0.054,0.145,0.742,2020-10-11,308.0,427.0
1,Yes,Official,"Nev. Guidance on Directive 024 (June 24, 2020)",32003,72048,1748,0.027,0.032,0.054,0.145,0.742,2020-10-12,415.0,449.4
1,Yes,Official,"Nev. Guidance on Directive 024 (June 24, 2020)",32003,72439,1748,0.027,0.032,0.054,0.145,0.742,2020-10-13,391.0,463.6
1,Yes,Official,"Nev. Guidance on Directive 024 (June 24, 2020)",32003,72742,1748,0.027,0.032,0.054,0.145,0.742,2020-10-14,303.0,402.4
1,Yes,Official,"Nev. Guidance on Directive 024 (June 24, 2020)",32003,73154,1748,0.027,0.032,0.054,0.145,0.742,2020-10-15,412.0,365.8
1,Yes,Official,"Nev. Guidance on Directive 024 (June 24, 2020)",32003,73737,1748,0.027,0.032,0.054,0.145,0.742,2020-10-16,583.0,420.8
1,Yes,Official,"Nev. Guidance on Directive 024 (June 24, 2020)",32003,74544,1748,0.027,0.032,0.054,0.145,0.742,2020-10-17,807.0,499.2
1,Yes,Official,"Nev. Guidance on Directive 024 (June 24, 2020)",32003,74950,1748,0.027,0.032,0.054,0.145,0.742,2020-10-18,406.0,502.2
1,Yes,Official,"Nev. Guidance on Directive 024 (June 24, 2020)",32003,75410,1748,0.027,0.032,0.054,0.145,0.742,2020-10-19,460.0,533.6
1,Yes,Official,"Nev. Guidance on Directive 024 (June 24, 2020)",32003,75888,1748,0.027,0.032,0.054,0.145,0.742,2020-10-20,478.0,546.8
1,Yes,Official,"Nev. Guidance on Directive 024 (June 24, 2020)",32003,76244,1748,0.027,0.032,0.054,0.145,0.742,2020-10-21,356.0,501.4
1,Yes,Official,"Nev. Guidance on Directive 024 (June 24, 2020)",32003,76817,1748,0.027,0.032,0.054,0.145,0.742,2020-10-22,573.0,454.6
1,Yes,Official,"Nev. Guidance on Directive 024 (June 24, 2020)",32003,77426,1748,0.027,0.032,0.054,0.145,0.742,2020-10-23,609.0,495.2
1,Yes,Official,"Nev. Guidance on Directive 024 (June 24, 2020)",32003,78162,1748,0.027,0.032,0.054,0.145,0.742,2020-10-24,736.0,550.4
1,Yes,Official,"Nev. Guidance on Directive 024 (June 24, 2020)",32003,78897,1748,0.027,0.032,0.054,0.145,0.742,2020-10-25,735.0,601.8
1,Yes,Official,"Nev. Guidance on Directive 024 (June 24, 2020)",32003,79240,1748,0.027,0.032,0.054,0.145,0.742,2020-10-26,343.0,599.2
1,Yes,Official,"Nev. Guidance on Directive 024 (June 24, 2020)",32003,79782,1748,0.027,0.032,0.054,0.145,0.742,2020-10-27,542.0,593.0
1,Yes,Official,"Nev. Guidance on Directive 024 (June 24, 2020)",32003,80104,1748,0.027,0.032,0.054,0.145,0.742,2020-10-28,322.0,535.6
1,Yes,Official,"Nev. Guidance on Directive 024 (June 24, 2020)",32003,80794,1748,0.027,0.032,0.054,0.145,0.742,2020-10-29,690.0,526.4
1,Yes,Official,"Nev. Guidance on Directive 024 (June 24, 2020)",32003,81684,1748,0.027,0.032,0.054,0.145,0.742,2020-10-30,890.0,557.4
1,Yes,Official,"Nev. Guidance on Directive 024 (June 24, 2020)",32003,82362,1748,0.027,0.032,0.054,0.145,0.742,2020-10-31,678.0,624.4
1,Yes,Official,"Nev. Guidance on Directive 024 (June 24, 2020)",32003,82966,1748,0.027,0.032,0.054,0.145,0.742,2020-11-01,604.0,636.8
1,Yes,Official,"Nev. Guidance on Directive 024 (June 24, 2020)",32003,83419,1748,0.027,0.032,0.054,0.145,0.742,2020-11-02,453.0,663.0
1,Yes,Official,"Nev. Guidance on Directive 024 (June 24, 2020)",32003,84129,1748,0.027,0.032,0.054,0.145,0.742,2020-11-03,710.0,667.0
1,Yes,Official,"Nev. Guidance on Directive 024 (June 24, 2020)",32003,84872,1748,0.027,0.032,0.054,0.145,0.742,2020-11-04,743.0,637.6
1,Yes,Official,"Nev. Guidance on Directive 024 (June 24, 2020)",32003,85641,1748,0.027,0.032,0.054,0.145,0.742,2020-11-05,769.0,655.8
1,Yes,Official,"Nev. Guidance on Directive 024 (June 24, 2020)",32003,86673,1748,0.027,0.032,0.054,0.145,0.742,2020-11-06,1032.0,741.4
1,Yes,Official,"Nev. Guidance on Directive 024 (June 24, 2020)",32003,88015,1748,0.027,0.032,0.054,0.145,0.742,2020-11-07,1342.0,919.2
1,Yes,Official,"Nev. Guidance on Directive 024 (June 24, 2020)",32003,88673,1748,0.027,0.032,0.054,0.145,0.742,2020-11-08,658.0,908.8
1,Yes,Official,"Nev. Guidance on Directive 024 (June 24, 2020)",32003,89256,1748,0.027,0.032,0.054,0.145,0.742,2020-11-09,583.0,876.8
1,Yes,Official,"Nev. Guidance on Directive 024 (June 24, 2020)",32003,90125,1748,0.027,0.032,0.054,0.145,0.742,2020-11-10,869.0,896.8
1,Yes,Official,"Nev. Guidance on Directive 024 (June 24, 2020)",32003,90885,1748,0.027,0.032,0.054,0.145,0.742,2020-11-11,760.0,842.4
1,Yes,Official,"Nev. Guidance on Directive 024 (June 24, 2020)",32003,91859,1748,0.027,0.032,0.054,0.145,0.742,2020-11-12,974.0,768.8
1,Yes,Official,"Nev. Guidance on Directive 024 (June 24, 2020)",32003,93073,1748,0.027,0.032,0.054,0.145,0.742,2020-11-13,1214.0,880.0
1,Yes,Official,"Nev. Guidance on Directive 024 (June 24, 2020)",32003,94640,1748,0.027,0.032,0.054,0.145,0.742,2020-11-14,1567.0,1076.8
1,Yes,Official,"Nev. Guidance on Directive 024 (June 24, 2020)",32003,95517,1748,0.027,0.032,0.054,0.145,0.742,2020-11-15,877.0,1078.4
1,Yes,Official,"Nev. Guidance on Directive 024 (June 24, 2020)",32003,96391,1748,0.027,0.032,0.054,0.145,0.742,2020-11-16,874.0,1101.2
1,Yes,Official,"Nev. Guidance on Directive 024 (June 24, 2020)",32003,97608,1748,0.027,0.032,0.054,0.145,0.742,2020-11-17,1217.0,1149.8
1,Yes,Official,"Nev. Guidance on Directive 024 (June 24, 2020)",32003,98930,1748,0.027,0.032,0.054,0.145,0.742,2020-11-18,1322.0,1171.4
1,Yes,Official,"Nev. Guidance on Directive 024 (June 24, 2020)",32003,100552,1748,0.027,0.032,0.054,0.145,0.742,2020-11-19,1622.0,1182.4
1,Yes,Official,"Nev. Guidance on Directive 024 (June 24, 2020)",32003,101933,1748,0.027,0.032,0.054,0.145,0.742,2020-11-20,1381.0,1283.2
1,Yes,Official,"Nev. Guidance on Directive 024 (June 24, 2020)",32003,103499,1748,0.027,0.032,0.054,0.145,0.742,2020-11-21,1566.0,1421.6
1,Yes,Official,"Nev. Guidance on Directive 024 (June 24, 2020)",32003,104624,1748,0.027,0.032,0.054,0.145,0.742,2020-11-22,1125.0,1403.2
1,Yes,Official,"Nev. Guidance on Directive 024 (June 24, 2020)",32003,106033,1748,0.027,0.032,0.054,0.145,0.742,2020-11-23,1409.0,1420.6
1,Yes,Official,"Nev. Guidance on Directive 024 (June 24, 2020)",32003,108252,1748,0.027,0.032,0.054,0.145,0.742,2020-11-24,2219.0,1540.0
1,Yes,Official,"Nev. Guidance on Directive 024 (June 24, 2020)",32003,109827,1748,0.027,0.032,0.054,0.145,0.742,2020-11-25,1575.0,1578.8
1,Yes,Official,"Nev. Guidance on Directive 024 (June 24, 2020)",32003,111485,1748,0.027,0.032,0.054,0.145,0.742,2020-11-26,1658.0,1597.2
1,Yes,Official,"Nev. Guidance on Directive 024 (June 24, 2020)",32003,112894,1748,0.027,0.032,0.054,0.145,0.742,2020-11-27,1409.0,1654.0
1,Yes,Official,"Nev. Guidance on Directive 024 (June 24, 2020)",32003,114691,1748,0.027,0.032,0.054,0.145,0.742,2020-11-28,1797.0,1731.6
1,Yes,Official,"Nev. Guidance on Directive 024 (June 24, 2020)",32003,115190,1748,0.027,0.032,0.054,0.145,0.742,2020-11-29,499.0,1387.6
1,Yes,Official,"Nev. Guidance on Directive 024 (June 24, 2020)",32003,116346,1748,0.027,0.032,0.054,0.145,0.742,2020-11-30,1156.0,1303.8
1,Yes,Official,"Nev. Guidance on Directive 024 (June 24, 2020)",32003,118412,1748,0.027,0.032,0.054,0.145,0.742,2020-12-01,2066.0,1385.4
1,Yes,Official,"Nev. Guidance on Directive 024 (June 24, 2020)",32003,120009,1748,0.027,0.032,0.054,0.145,0.742,2020-12-02,1597.0,1423.0
1,Yes,Official,"Nev. Guidance on Directive 024 (June 24, 2020)",32003,121863,1748,0.027,0.032,0.054,0.145,0.742,2020-12-03,1854.0,1434.4
1,Yes,Official,"Nev. Guidance on Directive 024 (June 24, 2020)",32003,123691,1748,0.027,0.032,0.054,0.145,0.742,2020-12-04,1828.0,1700.2
1,Yes,Official,"Nev. Guidance on Directive 024 (June 24, 2020)",32003,126066,1748,0.027,0.032,0.054,0.145,0.742,2020-12-05,2375.0,1944.0
1,Yes,Official,"Nev. Guidance on Directive 024 (June 24, 2020)",32003,127819,1748,0.027,0.032,0.054,0.145,0.742,2020-12-06,1753.0,1881.4
1,Yes,Official,"Nev. Guidance on Directive 024 (June 24, 2020)",32003,129427,1748,0.027,0.032,0.054,0.145,0.742,2020-12-07,1608.0,1883.6
1,Yes,Official,"Nev. Guidance on Directive 024 (June 24, 2020)",32003,131510,1748,0.027,0.032,0.054,0.145,0.742,2020-12-08,2083.0,1929.4
1,Yes,Official,"Nev. Guidance on Directive 024 (June 24, 2020)",32003,133642,1748,0.027,0.032,0.054,0.145,0.742,2020-12-09,2132.0,1990.2
1,Yes,Official,"Nev. Guidance on Directive 024 (June 24, 2020)",32003,135296,1748,0.027,0.032,0.054,0.145,0.742,2020-12-10,1654.0,1846.0
1,Yes,Official,"Nev. Guidance on Directive 024 (June 24, 2020)",32003,137100,1748,0.027,0.032,0.054,0.145,0.742,2020-12-11,1804.0,1856.2
1,Yes,Official,"Nev. Guidance on Directive 024 (June 24, 2020)",32003,139053,1748,0.027,0.032,0.054,0.145,0.742,2020-12-12,1953.0,1925.2
1,Yes,Official,"Nev. Guidance on Directive 024 (June 24, 2020)",32003,141231,1748,0.027,0.032,0.054,0.145,0.742,2020-12-13,2178.0,1944.2
1,Yes,Official,"Nev. Guidance on Directive 024 (June 24, 2020)",32003,142937,1748,0.027,0.032,0.054,0.145,0.742,2020-12-14,1706.0,1859.0
1,Yes,Official,"Nev. Guidance on Directive 024 (June 24, 2020)",32003,144834,1748,0.027,0.032,0.054,0.145,0.742,2020-12-15,1897.0,1907.6
1,Yes,Official,"Nev. Guidance on Directive 024 (June 24, 2020)",32003,146723,1748,0.027,0.032,0.054,0.145,0.742,2020-12-16,1889.0,1924.6
1,Yes,Official,"Nev. Guidance on Directive 024 (June 24, 2020)",32003,148411,1748,0.027,0.032,0.054,0.145,0.742,2020-12-17,1688.0,1871.6
1,Yes,Official,"Nev. Guidance on Directive 024 (June 24, 2020)",32003,150467,1748,0.027,0.032,0.054,0.145,0.742,2020-12-18,2056.0,1847.2
1,Yes,Official,"Nev. Guidance on Directive 024 (June 24, 2020)",32003,152291,1748,0.027,0.032,0.054,0.145,0.742,2020-12-19,1824.0,1870.8
1,Yes,Official,"Nev. Guidance on Directive 024 (June 24, 2020)",32003,153951,1748,0.027,0.032,0.054,0.145,0.742,2020-12-20,1660.0,1823.4
1,Yes,Official,"Nev. Guidance on Directive 024 (June 24, 2020)",32003,155478,1748,0.027,0.032,0.054,0.145,0.742,2020-12-21,1527.0,1751.0
1,Yes,Official,"Nev. Guidance on Directive 024 (June 24, 2020)",32003,156166,1748,0.027,0.032,0.054,0.145,0.742,2020-12-22,688.0,1551.0
1,Yes,Official,"Nev. Guidance on Directive 024 (June 24, 2020)",32003,158750,1748,0.027,0.032,0.054,0.145,0.742,2020-12-23,2584.0,1656.6
1,Yes,Official,"Nev. Guidance on Directive 024 (June 24, 2020)",32003,160569,1748,0.027,0.032,0.054,0.145,0.742,2020-12-24,1819.0,1655.6
1,Yes,Official,"Nev. Guidance on Directive 024 (June 24, 2020)",32003,161913,1748,0.027,0.032,0.054,0.145,0.742,2020-12-25,1344.0,1592.4
1,Yes,Official,"Nev. Guidance on Directive 024 (June 24, 2020)",32003,163484,1748,0.027,0.032,0.054,0.145,0.742,2020-12-26,1571.0,1601.2
1,Yes,Official,"Nev. Guidance on Directive 024 (June 24, 2020)",32003,164673,1748,0.027,0.032,0.054,0.145,0.742,2020-12-27,1189.0,1701.4
1,Yes,Official,"Nev. Guidance on Directive 024 (June 24, 2020)",32003,165318,1748,0.027,0.032,0.054,0.145,0.742,2020-12-28,645.0,1313.6
1,Yes,Official,"Nev. Guidance on Directive 024 (June 24, 2020)",32003,166285,1748,0.027,0.032,0.054,0.145,0.742,2020-12-29,967.0,1143.2
1,Yes,Official,"Nev. Guidance on Directive 024 (June 24, 2020)",32003,168342,1748,0.027,0.032,0.054,0.145,0.742,2020-12-30,2057.0,1285.8
1,Yes,Official,"Nev. Guidance on Directive 024 (June 24, 2020)",32003,170032,1748,0.027,0.032,0.054,0.145,0.742,2020-12-31,1690.0,1309.6
1,Yes,Official,"Nev. Guidance on Directive 024 (June 24, 2020)",32003,171850,1748,0.027,0.032,0.054,0.145,0.742,2021-01-01,1818.0,1435.4
1,Yes,Official,"Nev. Guidance on Directive 024 (June 24, 2020)",32003,173634,1748,0.027,0.032,0.054,0.145,0.742,2021-01-02,1784.0,1663.2
1,Yes,Official,"Nev. Guidance on Directive 024 (June 24, 2020)",32003,175591,1748,0.027,0.032,0.054,0.145,0.742,2021-01-03,1957.0,1861.2
1,Yes,Official,"Nev. Guidance on Directive 024 (June 24, 2020)",32003,176731,1748,0.027,0.032,0.054,0.145,0.742,2021-01-04,1140.0,1677.8
1,Yes,Official,"Nev. Guidance on Directive 024 (June 24, 2020)",32003,178837,1748,0.027,0.032,0.054,0.145,0.742,2021-01-05,2106.0,1761.0
1,Yes,Official,"Nev. Guidance on Directive 024 (June 24, 2020)",32003,180524,1748,0.027,0.032,0.054,0.145,0.742,2021-01-06,1687.0,1734.8
1,Yes,Official,"Nev. Guidance on Directive 024 (June 24, 2020)",32003,183447,1748,0.027,0.032,0.054,0.145,0.742,2021-01-07,2923.0,1962.6
1,Yes,Official,"Nev. Guidance on Directive 024 (June 24, 2020)",32003,185829,1748,0.027,0.032,0.054,0.145,0.742,2021-01-08,2382.0,2047.6
1,Yes,Official,"Nev. Guidance on Directive 024 (June 24, 2020)",32003,187893,1748,0.027,0.032,0.054,0.145,0.742,2021-01-09,2064.0,2232.4
1,Yes,Official,"Nev. Guidance on Directive 024 (June 24, 2020)",32003,189730,1748,0.027,0.032,0.054,0.145,0.742,2021-01-10,1837.0,2178.6
1,Yes,Official,"Nev. Guidance on Directive 024 (June 24, 2020)",32003,191163,1748,0.027,0.032,0.054,0.145,0.742,2021-01-11,1433.0,2127.8
1,Yes,Official,"Nev. Guidance on Directive 024 (June 24, 2020)",32003,193483,1748,0.027,0.032,0.054,0.145,0.742,2021-01-12,2320.0,2007.2
1,Yes,Official,"Nev. Guidance on Directive 024 (June 24, 2020)",32003,194220,1748,0.027,0.032,0.054,0.145,0.742,2021-01-13,737.0,1678.2
1,Yes,Official,"Nev. Guidance on Directive 024 (June 24, 2020)",32003,196134,1748,0.027,0.032,0.054,0.145,0.742,2021-01-14,1914.0,1648.2
1,Yes,Official,"Nev. Guidance on Directive 024 (June 24, 2020)",32003,197652,1748,0.027,0.032,0.054,0.145,0.742,2021-01-15,1518.0,1584.4
1,Yes,Official,"Nev. Guidance on Directive 024 (June 24, 2020)",32003,199260,1748,0.027,0.032,0.054,0.145,0.742,2021-01-16,1608.0,1619.4
1,Yes,Official,"Nev. Guidance on Directive 024 (June 24, 2020)",32003,200597,1748,0.027,0.032,0.054,0.145,0.742,2021-01-17,1337.0,1422.8
1,Yes,Official,"Nev. Guidance on Directive 024 (June 24, 2020)",32003,201519,1748,0.027,0.032,0.054,0.145,0.742,2021-01-18,922.0,1459.8
1,Yes,Official,"Nev. Guidance on Directive 024 (June 24, 2020)",32003,202471,1748,0.027,0.032,0.054,0.145,0.742,2021-01-19,952.0,1267.4
1,Yes,Official,"Nev. Guidance on Directive 024 (June 24, 2020)",32003,203292,1748,0.027,0.032,0.054,0.145,0.742,2021-01-20,821.0,1128.0
1,Yes,Official,"Nev. Guidance on Directive 024 (June 24, 2020)",32003,204369,1748,0.027,0.032,0.054,0.145,0.742,2021-01-21,1077.0,1021.8
1,Yes,Official,"Nev. Guidance on Directive 024 (June 24, 2020)",32003,205926,1748,0.027,0.032,0.054,0.145,0.742,2021-01-22,1557.0,1065.8
1,Yes,Official,"Nev. Guidance on Directive 024 (June 24, 2020)",32003,207240,1748,0.027,0.032,0.054,0.145,0.742,2021-01-23,1314.0,1144.2
1,Yes,Official,"Nev. Guidance on Directive 024 (June 24, 2020)",32003,208147,1748,0.027,0.032,0.054,0.145,0.742,2021-01-24,907.0,1135.2
1,Yes,Official,"Nev. Guidance on Directive 024 (June 24, 2020)",32003,208929,1748,0.027,0.032,0.054,0.145,0.742,2021-01-25,782.0,1127.4
1,Yes,Official,"Nev. Guidance on Directive 024 (June 24, 2020)",32003,209726,1748,0.027,0.032,0.054,0.145,0.742,2021-01-26,797.0,1071.4
1,Yes,Official,"Nev. Guidance on Directive 024 (June 24, 2020)",32003,210581,1748,0.027,0.032,0.054,0.145,0.742,2021-01-27,855.0,931.0
1,Yes,Official,"Nev. Guidance on Directive 024 (June 24, 2020)",32003,211453,1748,0.027,0.032,0.054,0.145,0.742,2021-01-28,872.0,842.6
1,Yes,Official,"Nev. Guidance on Directive 024 (June 24, 2020)",32003,212575,1748,0.027,0.032,0.054,0.145,0.742,2021-01-29,1122.0,885.6
1,Yes,Official,"Nev. Guidance on Directive 024 (June 24, 2020)",32003,213384,1748,0.027,0.032,0.054,0.145,0.742,2021-01-30,809.0,891.0
1,Yes,Official,"Nev. Guidance on Directive 024 (June 24, 2020)",32003,214108,1748,0.027,0.032,0.054,0.145,0.742,2021-01-31,724.0,876.4
1,Yes,Official,"Nev. Guidance on Directive 024 (June 24, 2020)",32003,214780,1748,0.027,0.032,0.054,0.145,0.742,2021-02-01,672.0,839.8
1,Yes,Official,"Nev. Guidance on Directive 024 (June 24, 2020)",32003,215469,1748,0.027,0.032,0.054,0.145,0.742,2021-02-02,689.0,803.2
1,Yes,Official,"Nev. Guidance on Directive 024 (June 24, 2020)",32003,216121,1748,0.027,0.032,0.054,0.145,0.742,2021-02-03,652.0,709.2
1,Yes,Official,"Nev. Guidance on Directive 024 (June 24, 2020)",32003,216817,1748,0.027,0.032,0.054,0.145,0.742,2021-02-04,696.0,686.6
1,Yes,Official,"Nev. Guidance on Directive 024 (June 24, 2020)",32003,217521,1748,0.027,0.032,0.054,0.145,0.742,2021-02-05,704.0,682.6
1,Yes,Official,"Nev. Guidance on Directive 024 (June 24, 2020)",32003,218178,1748,0.027,0.032,0.054,0.145,0.742,2021-02-06,657.0,679.6
1,Yes,Official,"Nev. Guidance on Directive 024 (June 24, 2020)",32003,218739,1748,0.027,0.032,0.054,0.145,0.742,2021-02-07,561.0,654.0
1,Yes,Official,"Nev. Guidance on Directive 024 (June 24, 2020)",32003,219183,1748,0.027,0.032,0.054,0.145,0.742,2021-02-08,444.0,612.4
1,Yes,Official,"Nev. Guidance on Directive 024 (June 24, 2020)",32003,219602,1748,0.027,0.032,0.054,0.145,0.742,2021-02-09,419.0,557.0
1,Yes,Official,"Nev. Guidance on Directive 024 (June 24, 2020)",32003,220204,1748,0.027,0.032,0.054,0.145,0.742,2021-02-10,602.0,536.6
1,Yes,Official,"Nev. Guidance on Directive 024 (June 24, 2020)",32003,220710,1748,0.027,0.032,0.054,0.145,0.742,2021-02-11,506.0,506.4
1,Yes,Official,"Nev. Guidance on Directive 024 (June 24, 2020)",32003,221215,1748,0.027,0.032,0.054,0.145,0.742,2021-02-12,505.0,495.2
1,Yes,Official,"Nev. Guidance on Directive 024 (June 24, 2020)",32003,221949,1748,0.027,0.032,0.054,0.145,0.742,2021-02-13,734.0,553.2
1,Yes,Official,"Nev. Guidance on Directive 024 (June 24, 2020)",32003,222429,1748,0.027,0.032,0.054,0.145,0.742,2021-02-14,480.0,565.4
1,Yes,Official,"Nev. Guidance on Directive 024 (June 24, 2020)",32003,222670,1748,0.027,0.032,0.054,0.145,0.742,2021-02-15,241.0,493.2
1,Yes,Official,"Nev. Guidance on Directive 024 (June 24, 2020)",32003,222916,1748,0.027,0.032,0.054,0.145,0.742,2021-02-16,246.0,441.2
1,Yes,Official,"Nev. Guidance on Directive 024 (June 24, 2020)",32003,223200,1748,0.027,0.032,0.054,0.145,0.742,2021-02-17,284.0,397.0
1,Yes,Official,"Nev. Guidance on Directive 024 (June 24, 2020)",32003,223624,1748,0.027,0.032,0.054,0.145,0.742,2021-02-18,424.0,335.0
1,Yes,Official,"Nev. Guidance on Directive 024 (June 24, 2020)",32003,223960,1748,0.027,0.032,0.054,0.145,0.742,2021-02-19,336.0,306.2
1,Yes,Official,"Nev. Guidance on Directive 024 (June 24, 2020)",32003,224227,1748,0.027,0.032,0.054,0.145,0.742,2021-02-20,267.0,311.4
1,Yes,Official,"Nev. Guidance on Directive 024 (June 24, 2020)",32003,224469,1748,0.027,0.032,0.054,0.145,0.742,2021-02-21,242.0,310.6
1,Yes,Official,"Nev. Guidance on Directive 024 (June 24, 2020)",32003,224597,1748,0.027,0.032,0.054,0.145,0.742,2021-02-22,128.0,279.4
1,Yes,Official,"Nev. Guidance on Directive 024 (June 24, 2020)",32003,224944,1748,0.027,0.032,0.054,0.145,0.742,2021-02-23,347.0,264.0
1,Yes,Official,"Nev. Guidance on Directive 024 (June 24, 2020)",32003,225301,1748,0.027,0.032,0.054,0.145,0.742,2021-02-24,357.0,268.2
1,Yes,Official,"Nev. Guidance on Directive 024 (June 24, 2020)",32003,225820,1748,0.027,0.032,0.054,0.145,0.742,2021-02-25,519.0,318.6
1,Yes,Official,"Nev. Guidance on Directive 024 (June 24, 2020)",32003,226120,1748,0.027,0.032,0.054,0.145,0.742,2021-02-26,300.0,330.2
1,Yes,Official,"Nev. Guidance on Directive 024 (June 24, 2020)",32003,226469,1748,0.027,0.032,0.054,0.145,0.742,2021-02-27,349.0,374.4
1,Yes,Official,"Nev. Guidance on Directive 024 (June 24, 2020)",32003,226701,1748,0.027,0.032,0.054,0.145,0.742,2021-02-28,232.0,351.4
1,Yes,Official,"Nev. Guidance on Directive 024 (June 24, 2020)",32003,226871,1748,0.027,0.032,0.054,0.145,0.742,2021-03-01,170.0,314.0
1,Yes,Official,"Nev. Guidance on Directive 024 (June 24, 2020)",32003,227107,1748,0.027,0.032,0.054,0.145,0.742,2021-03-02,236.0,257.4
1,Yes,Official,"Nev. Guidance on Directive 024 (June 24, 2020)",32003,227455,1748,0.027,0.032,0.054,0.145,0.742,2021-03-03,348.0,267.0
1,Yes,Official,"Nev. Guidance on Directive 024 (June 24, 2020)",32003,227771,1748,0.027,0.032,0.054,0.145,0.742,2021-03-04,316.0,260.4
1,Yes,Official,"Nev. Guidance on Directive 024 (June 24, 2020)",32003,228083,1748,0.027,0.032,0.054,0.145,0.742,2021-03-05,312.0,276.4
1,Yes,Official,"Nev. Guidance on Directive 024 (June 24, 2020)",32003,228492,1748,0.027,0.032,0.054,0.145,0.742,2021-03-06,409.0,324.2
1,Yes,Official,"Nev. Guidance on Directive 024 (June 24, 2020)",32003,228665,1748,0.027,0.032,0.054,0.145,0.742,2021-03-07,173.0,311.6
1,Yes,Official,"Nev. Guidance on Directive 024 (June 24, 2020)",32003,228806,1748,0.027,0.032,0.054,0.145,0.742,2021-03-08,141.0,270.2
1,Yes,Official,"Nev. Guidance on Directive 024 (June 24, 2020)",32003,229156,1748,0.027,0.032,0.054,0.145,0.742,2021-03-09,350.0,277.0
1,Yes,Official,"Nev. Guidance on Directive 024 (June 24, 2020)",32003,229415,1748,0.027,0.032,0.054,0.145,0.742,2021-03-10,259.0,266.4
1,Yes,Official,"Nev. Guidance on Directive 024 (June 24, 2020)",32003,229956,1748,0.027,0.032,0.054,0.145,0.742,2021-03-11,541.0,292.8
1,Yes,Official,"Nev. Guidance on Directive 024 (June 24, 2020)",32003,230758,1748,0.027,0.032,0.054,0.145,0.742,2021-03-12,802.0,418.6
1,Yes,Official,"Nev. Guidance on Directive 024 (June 24, 2020)",32003,231116,1748,0.027,0.032,0.054,0.145,0.742,2021-03-13,358.0,462.0
1,Yes,Official,"Nev. Guidance on Directive 024 (June 24, 2020)",32003,231277,1748,0.027,0.032,0.054,0.145,0.742,2021-03-14,161.0,424.2
1,Yes,Official,"Nev. Emerg. Declaration Directive 041 (Mar. 12, 2021)",32003,231416,1748,0.027,0.032,0.054,0.145,0.742,2021-03-15,139.0,400.2
1,Yes,Official,"Nev. Emerg. Declaration Directive 041 (Mar. 12, 2021)",32003,231710,1748,0.027,0.032,0.054,0.145,0.742,2021-03-16,294.0,350.8
1,Yes,Official,"Nev. Emerg. Declaration Directive 041 (Mar. 12, 2021)",32003,231946,1748,0.027,0.032,0.054,0.145,0.742,2021-03-17,236.0,237.6
1,Yes,Official,"Nev. Emerg. Declaration Directive 041 (Mar. 12, 2021)",32003,232174,1748,0.027,0.032,0.054,0.145,0.742,2021-03-18,228.0,211.6
1,Yes,Official,"Nev. Emerg. Declaration Directive 041 (Mar. 12, 2021)",32003,232382,1748,0.027,0.032,0.054,0.145,0.742,2021-03-19,208.0,221.0
1,Yes,Official,"Nev. Emerg. Declaration Directive 041 (Mar. 12, 2021)",32003,232595,1748,0.027,0.032,0.054,0.145,0.742,2021-03-20,213.0,235.8
1,Yes,Official,"Nev. Emerg. Declaration Directive 041 (Mar. 12, 2021)",32003,232730,1748,0.027,0.032,0.054,0.145,0.742,2021-03-21,135.0,204.0
1,Yes,Official,"Nev. Emerg. Declaration Directive 041 (Mar. 12, 2021)",32003,232808,1748,0.027,0.032,0.054,0.145,0.742,2021-03-22,78.0,172.4
1,Yes,Official,"Nev. Emerg. Declaration Directive 041 (Mar. 12, 2021)",32003,232916,1748,0.027,0.032,0.054,0.145,0.742,2021-03-23,108.0,148.4
1,Yes,Official,"Nev. Emerg. Declaration Directive 041 (Mar. 12, 2021)",32003,233110,1748,0.027,0.032,0.054,0.145,0.742,2021-03-24,194.0,145.6
1,Yes,Official,"Nev. Emerg. Declaration Directive 041 (Mar. 12, 2021)",32003,233305,1748,0.027,0.032,0.054,0.145,0.742,2021-03-25,195.0,142.0
1,Yes,Official,"Nev. Emerg. Declaration Directive 041 (Mar. 12, 2021)",32003,233671,1748,0.027,0.032,0.054,0.145,0.742,2021-03-26,366.0,188.2
1,Yes,Official,"Nev. Emerg. Declaration Directive 041 (Mar. 12, 2021)",32003,233889,1748,0.027,0.032,0.054,0.145,0.742,2021-03-27,218.0,216.2
1,Yes,Official,"Nev. Emerg. Declaration Directive 041 (Mar. 12, 2021)",32003,234031,1748,0.027,0.032,0.054,0.145,0.742,2021-03-28,142.0,223.0
1,Yes,Official,"Nev. Emerg. Declaration Directive 041 (Mar. 12, 2021)",32003,234131,1748,0.027,0.032,0.054,0.145,0.742,2021-03-29,100.0,204.2
1,Yes,Official,"Nev. Emerg. Declaration Directive 041 (Mar. 12, 2021)",32003,234300,1748,0.027,0.032,0.054,0.145,0.742,2021-03-30,169.0,199.0
1,Yes,Official,"Nev. Emerg. Declaration Directive 041 (Mar. 12, 2021)",32003,234549,1748,0.027,0.032,0.054,0.145,0.742,2021-03-31,249.0,175.6
1,Yes,Official,"Nev. Emerg. Declaration Directive 041 (Mar. 12, 2021)",32003,234803,1748,0.027,0.032,0.054,0.145,0.742,2021-04-01,254.0,182.8
1,Yes,Official,"Nev. Emerg. Declaration Directive 041 (Mar. 12, 2021)",32003,235081,1748,0.027,0.032,0.054,0.145,0.742,2021-04-02,278.0,210.0
1,Yes,Official,"Nev. Emerg. Declaration Directive 041 (Mar. 12, 2021)",32003,235444,1748,0.027,0.032,0.054,0.145,0.742,2021-04-03,363.0,262.6
1,Yes,Official,"Nev. Emerg. Declaration Directive 041 (Mar. 12, 2021)",32003,235590,1748,0.027,0.032,0.054,0.145,0.742,2021-04-04,146.0,258.0
1,Yes,Official,"Nev. Emerg. Declaration Directive 041 (Mar. 12, 2021)",32003,235695,1748,0.027,0.032,0.054,0.145,0.742,2021-04-05,105.0,229.2
1,Yes,Official,"Nev. Emerg. Declaration Directive 041 (Mar. 12, 2021)",32003,235900,1748,0.027,0.032,0.054,0.145,0.742,2021-04-06,205.0,219.4
1,Yes,Official,"Nev. Emerg. Declaration Directive 041 (Mar. 12, 2021)",32003,236130,1748,0.027,0.032,0.054,0.145,0.742,2021-04-07,230.0,209.8
1,Yes,Official,"Nev. Emerg. Declaration Directive 041 (Mar. 12, 2021)",32003,236483,1748,0.027,0.032,0.054,0.145,0.742,2021-04-08,353.0,207.8
1,Yes,Official,"Nev. Emerg. Declaration Directive 041 (Mar. 12, 2021)",32003,237037,1748,0.027,0.032,0.054,0.145,0.742,2021-04-09,554.0,289.4
1,Yes,Official,"Nev. Emerg. Declaration Directive 041 (Mar. 12, 2021)",32003,237737,1748,0.027,0.032,0.054,0.145,0.742,2021-04-10,700.0,408.4
1,Yes,Official,"Nev. Emerg. Declaration Directive 041 (Mar. 12, 2021)",32003,238008,1748,0.027,0.032,0.054,0.145,0.742,2021-04-11,271.0,421.6
1,Yes,Official,"Nev. Emerg. Declaration Directive 041 (Mar. 12, 2021)",32003,238245,1748,0.027,0.032,0.054,0.145,0.742,2021-04-12,237.0,423.0
1,Yes,Official,"Nev. Emerg. Declaration Directive 041 (Mar. 12, 2021)",32003,238555,1748,0.027,0.032,0.054,0.145,0.742,2021-04-13,310.0,414.4
1,Yes,Official,"Nev. Emerg. Declaration Directive 041 (Mar. 12, 2021)",32003,238853,1748,0.027,0.032,0.054,0.145,0.742,2021-04-14,298.0,363.2
1,Yes,Official,"Nev. Emerg. Declaration Directive 041 (Mar. 12, 2021)",32003,239293,1748,0.027,0.032,0.054,0.145,0.742,2021-04-15,440.0,311.2
1,Yes,Official,"Nev. Emerg. Declaration Directive 041 (Mar. 12, 2021)",32003,239748,1748,0.027,0.032,0.054,0.145,0.742,2021-04-16,455.0,348.0
1,Yes,Official,"Nev. Emerg. Declaration Directive 041 (Mar. 12, 2021)",32003,239748,1748,0.027,0.032,0.054,0.145,0.742,2021-04-17,0.0,300.6
1,Yes,Official,"Nev. Emerg. Declaration Directive 041 (Mar. 12, 2021)",32003,239748,1748,0.027,0.032,0.054,0.145,0.742,2021-04-18,0.0,238.6
1,Yes,Official,"Nev. Emerg. Declaration Directive 044 (Apr. 19, 2021)",32003,240307,1748,0.027,0.032,0.054,0.145,0.742,2021-04-19,559.0,290.8
1,Yes,Official,"Nev. Emerg. Declaration Directive 044 (Apr. 19, 2021)",32003,240574,1748,0.027,0.032,0.054,0.145,0.742,2021-04-20,267.0,256.2
1,Yes,Official,"Nev. Emerg. Declaration Directive 044 (Apr. 19, 2021)",32003,240909,1748,0.027,0.032,0.054,0.145,0.742,2021-04-21,335.0,232.2
1,Yes,Official,"Nev. Emerg. Declaration Directive 044 (Apr. 19, 2021)",32003,241353,1748,0.027,0.032,0.054,0.145,0.742,2021-04-22,444.0,321.0
1,Yes,Official,"Nev. Emerg. Declaration Directive 044 (Apr. 19, 2021)",32003,241814,1748,0.027,0.032,0.054,0.145,0.742,2021-04-23,461.0,413.2
1,Yes,Official,"Nev. Emerg. Declaration Directive 044 (Apr. 19, 2021)",32003,241814,1748,0.027,0.032,0.054,0.145,0.742,2021-04-24,0.0,301.4
1,Yes,Official,"Nev. Emerg. Declaration Directive 044 (Apr. 19, 2021)",32003,241814,1748,0.027,0.032,0.054,0.145,0.742,2021-04-25,0.0,248.0
1,Yes,Official,"Nev. Emerg. Declaration Directive 044 (Apr. 19, 2021)",32003,242524,1748,0.027,0.032,0.054,0.145,0.742,2021-04-26,710.0,323.0
1,Yes,Official,"Nev. Emerg. Declaration Directive 044 (Apr. 19, 2021)",32003,242819,1748,0.027,0.032,0.054,0.145,0.742,2021-04-27,295.0,293.2
1,Yes,Official,"Nev. Emerg. Declaration Directive 044 (Apr. 19, 2021)",32003,243155,1748,0.027,0.032,0.054,0.145,0.742,2021-04-28,336.0,268.2
1,Yes,Official,"Nev. Emerg. Declaration Directive 044 (Apr. 19, 2021)",32003,243550,1748,0.027,0.032,0.054,0.145,0.742,2021-04-29,395.0,347.2
1,Yes,Official,"Nev. Emerg. Declaration Directive 044 (Apr. 19, 2021)",32003,243942,1748,0.027,0.032,0.054,0.145,0.742,2021-04-30,392.0,425.6
1,Yes,Official,"Nev. Emerg. Declaration Directive 044 (Apr. 19, 2021)",32003,243942,1748,0.027,0.032,0.054,0.145,0.742,2021-05-01,0.0,283.6
1,Yes,Official,"Nev. Emerg. Declaration Directive 044 (Apr. 19, 2021)",32003,243942,1748,0.027,0.032,0.054,0.145,0.742,2021-05-02,0.0,224.6
1,Yes,Official,"Nev. Emerg. Declaration Directive 045 (May 3, 2021)",32003,244647,1748,0.027,0.032,0.054,0.145,0.742,2021-05-03,705.0,298.4
1,Yes,Official,"Nev. Emerg. Declaration Directive 045 (May 3, 2021)",32003,245034,1748,0.027,0.032,0.054,0.145,0.742,2021-05-04,387.0,296.8
1,Yes,Official,"Nev. Emerg. Declaration Directive 045 (May 3, 2021)",32003,245358,1748,0.027,0.032,0.054,0.145,0.742,2021-05-05,324.0,283.2
1,Yes,Official,"Nev. Emerg. Declaration Directive 045 (May 3, 2021)",32003,245693,1748,0.027,0.032,0.054,0.145,0.742,2021-05-06,335.0,350.2
1,Yes,Official,"Nev. Emerg. Declaration Directive 045 (May 3, 2021)",32003,246106,1748,0.027,0.032,0.054,0.145,0.742,2021-05-07,413.0,432.8
1,Yes,Official,"Nev. Emerg. Declaration Directive 045 (May 3, 2021)",32003,246106,1748,0.027,0.032,0.054,0.145,0.742,2021-05-08,0.0,291.8
1,Yes,Official,"Nev. Emerg. Declaration Directive 045 (May 3, 2021)",32003,246106,1748,0.027,0.032,0.054,0.145,0.742,2021-05-09,0.0,214.4
1,Yes,Official,"Nev. Emerg. Declaration Directive 045 (May 3, 2021)",32003,246811,1748,0.027,0.032,0.054,0.145,0.742,2021-05-10,705.0,290.6
1,Yes,Official,"Nev. Emerg. Declaration Directive 045 (May 3, 2021)",32003,247186,1748,0.027,0.032,0.054,0.145,0.742,2021-05-11,375.0,298.6
1,Yes,Official,"Nev. Emerg. Declaration Directive 045 (May 3, 2021)",32003,247606,1748,0.027,0.032,0.054,0.145,0.742,2021-05-12,420.0,300.0
1,Yes,Official,"Nev. Emerg. Declaration Directive 045 (May 3, 2021)",32003,248006,1748,0.027,0.032,0.054,0.145,0.742,2021-05-13,400.0,380.0
1,Yes,Official,"Nev. Emerg. Declaration Directive 045 (May 3, 2021)",32003,248336,1748,0.027,0.032,0.054,0.145,0.742,2021-05-14,330.0,446.0
1,Yes,Official,"Nev. Emerg. Declaration Directive 045 (May 3, 2021)",32003,248336,1748,0.027,0.032,0.054,0.145,0.742,2021-05-15,0.0,305.0
1,Yes,Official,"Nev. Emerg. Declaration Directive 045 (May 3, 2021)",32003,248336,1748,0.027,0.032,0.054,0.145,0.742,2021-05-16,0.0,230.0
1,Yes,Official,"Nev. Emerg. Declaration Directive 045 (May 3, 2021)",32003,248793,1748,0.027,0.032,0.054,0.145,0.742,2021-05-17,457.0,237.4
1,Yes,Official,"Nev. Emerg. Declaration Directive 045 (May 3, 2021)",32003,249011,1748,0.027,0.032,0.054,0.145,0.742,2021-05-18,218.0,201.0
1,Yes,Official,"Nev. Emerg. Declaration Directive 045 (May 3, 2021)",32003,249295,1748,0.027,0.032,0.054,0.145,0.742,2021-05-19,284.0,191.8
1,Yes,Official,"Nev. Emerg. Declaration Directive 045 (May 3, 2021)",32003,249573,1748,0.027,0.032,0.054,0.145,0.742,2021-05-20,278.0,247.4
1,Yes,Official,"Nev. Emerg. Declaration Directive 045 (May 3, 2021)",32003,249831,1748,0.027,0.032,0.054,0.145,0.742,2021-05-21,258.0,299.0
1,Yes,Official,"Nev. Emerg. Declaration Directive 045 (May 3, 2021)",32003,249831,1748,0.027,0.032,0.054,0.145,0.742,2021-05-22,0.0,207.6
1,Yes,Official,"Nev. Emerg. Declaration Directive 045 (May 3, 2021)",32003,249831,1748,0.027,0.032,0.054,0.145,0.742,2021-05-23,0.0,164.0
1,Yes,Official,"Nev. Emerg. Declaration Directive 045 (May 3, 2021)",32003,250169,1748,0.027,0.032,0.054,0.145,0.742,2021-05-24,338.0,174.8
1,Yes,Official,"Nev. Emerg. Declaration Directive 045 (May 3, 2021)",32003,250386,1748,0.027,0.032,0.054,0.145,0.742,2021-05-25,217.0,162.6
1,Yes,Official,"Nev. Emerg. Declaration Directive 045 (May 3, 2021)",32003,250573,1748,0.027,0.032,0.054,0.145,0.742,2021-05-26,187.0,148.4
1,Yes,Official,"Nev. Emerg. Declaration Directive 045 (May 3, 2021)",32003,250785,1748,0.027,0.032,0.054,0.145,0.742,2021-05-27,212.0,190.8
1,Yes,Official,"Nev. Emerg. Declaration Directive 045 (May 3, 2021)",32003,251012,1748,0.027,0.032,0.054,0.145,0.742,2021-05-28,227.0,236.2
1,Yes,Official,"Nev. Emerg. Declaration Directive 045 (May 3, 2021)",32003,251012,1748,0.027,0.032,0.054,0.145,0.742,2021-05-29,0.0,168.6
1,Yes,Official,"Nev. Emerg. Declaration Directive 045 (May 3, 2021)",32003,251012,1748,0.027,0.032,0.054,0.145,0.742,2021-05-30,0.0,125.2
1,Yes,Official,"Nev. Emerg. Declaration Directive 045 (May 3, 2021)",32003,251012,1748,0.027,0.032,0.054,0.145,0.742,2021-05-31,0.0,87.8
1,Yes,Official,"Nev. Emerg. Declaration Directive 045 (May 3, 2021)",32003,251460,1748,0.027,0.032,0.054,0.145,0.742,2021-06-01,448.0,135.0
1,Yes,Official,"Nev. Emerg. Declaration Directive 045 (May 3, 2021)",32003,251809,1748,0.027,0.032,0.054,0.145,0.742,2021-06-02,349.0,159.4
1,Yes,Official,"Nev. Emerg. Declaration Directive 045 (May 3, 2021)",32003,252137,1748,0.027,0.032,0.054,0.145,0.742,2021-06-03,328.0,225.0
1,Yes,Official,"Nev. Emerg. Declaration Directive 045 (May 3, 2021)",32003,252450,1748,0.027,0.032,0.054,0.145,0.742,2021-06-04,313.0,287.6
1,Yes,Official,"Nev. Emerg. Declaration Directive 045 (May 3, 2021)",32003,252450,1748,0.027,0.032,0.054,0.145,0.742,2021-06-05,0.0,287.6
1,Yes,Official,"Nev. Emerg. Declaration Directive 045 (May 3, 2021)",32003,252450,1748,0.027,0.032,0.054,0.145,0.742,2021-06-06,0.0,198.0
1,Yes,Official,"Nev. Emerg. Declaration Directive 045 (May 3, 2021)",32003,253006,1748,0.027,0.032,0.054,0.145,0.742,2021-06-07,556.0,239.4
1,Yes,Official,"Nev. Emerg. Declaration Directive 045 (May 3, 2021)",32003,253297,1748,0.027,0.032,0.054,0.145,0.742,2021-06-08,291.0,232.0
1,Yes,Official,"Nev. Emerg. Declaration Directive 045 (May 3, 2021)",32003,253506,1748,0.027,0.032,0.054,0.145,0.742,2021-06-09,209.0,211.2
1,Yes,Official,"Nev. Emerg. Declaration Directive 045 (May 3, 2021)",32003,253754,1748,0.027,0.032,0.054,0.145,0.742,2021-06-10,248.0,260.8
1,Yes,Official,"Nev. Emerg. Declaration Directive 045 (May 3, 2021)",32003,253969,1748,0.027,0.032,0.054,0.145,0.742,2021-06-11,215.0,303.8
1,Yes,Official,"Nev. Emerg. Declaration Directive 045 (May 3, 2021)",32003,253969,1748,0.027,0.032,0.054,0.145,0.742,2021-06-12,0.0,192.6
1,Yes,Official,"Nev. Emerg. Declaration Directive 045 (May 3, 2021)",32003,253969,1748,0.027,0.032,0.054,0.145,0.742,2021-06-13,0.0,134.4
1,Yes,Official,"Nev. Emerg. Declaration Directive 045 (May 3, 2021)",32003,254376,1748,0.027,0.032,0.054,0.145,0.742,2021-06-14,407.0,174.0
1,Yes,Official,"Nev. Emerg. Declaration Directive 045 (May 3, 2021)",32003,254583,1748,0.027,0.032,0.054,0.145,0.742,2021-06-15,207.0,165.8
1,Yes,Official,"Nev. Emerg. Declaration Directive 045 (May 3, 2021)",32003,254912,1748,0.027,0.032,0.054,0.145,0.742,2021-06-16,329.0,188.6
1,Yes,Official,"Nev. Emerg. Declaration Directive 045 (May 3, 2021)",32003,255153,1748,0.027,0.032,0.054,0.145,0.742,2021-06-17,241.0,236.8
1,Yes,Official,"Nev. Emerg. Declaration Directive 045 (May 3, 2021)",32003,255515,1748,0.027,0.032,0.054,0.145,0.742,2021-06-18,362.0,309.2
1,Yes,Official,"Nev. Emerg. Declaration Directive 045 (May 3, 2021)",32003,255515,1748,0.027,0.032,0.054,0.145,0.742,2021-06-19,0.0,227.8
1,Yes,Official,"Nev. Emerg. Declaration Directive 045 (May 3, 2021)",32003,255515,1748,0.027,0.032,0.054,0.145,0.742,2021-06-20,0.0,186.4
1,Yes,Official,"Nev. Emerg. Declaration Directive 045 (May 3, 2021)",32003,256067,1748,0.027,0.032,0.054,0.145,0.742,2021-06-21,552.0,231.0
1,Yes,Official,"Nev. Emerg. Declaration Directive 045 (May 3, 2021)",32003,256415,1748,0.027,0.032,0.054,0.145,0.742,2021-06-22,348.0,252.4
1,Yes,Official,"Nev. Emerg. Declaration Directive 045 (May 3, 2021)",32003,256826,1748,0.027,0.032,0.054,0.145,0.742,2021-06-23,411.0,262.2
1,Yes,Official,"Nev. Emerg. Declaration Directive 045 (May 3, 2021)",32003,257221,1748,0.027,0.032,0.054,0.145,0.742,2021-06-24,395.0,341.2
1,Yes,Official,"Nev. Emerg. Declaration Directive 045 (May 3, 2021)",32003,257961,1748,0.027,0.032,0.054,0.145,0.742,2021-06-25,740.0,489.2
1,Yes,Official,"Nev. Emerg. Declaration Directive 045 (May 3, 2021)",32003,257961,1748,0.027,0.032,0.054,0.145,0.742,2021-06-26,0.0,378.8
1,Yes,Official,"Nev. Emerg. Declaration Directive 045 (May 3, 2021)",32003,257961,1748,0.027,0.032,0.054,0.145,0.742,2021-06-27,0.0,309.2
1,Yes,Official,"Nev. Emerg. Declaration Directive 045 (May 3, 2021)",32003,258822,1748,0.027,0.032,0.054,0.145,0.742,2021-06-28,861.0,399.2
1,Yes,Official,"Nev. Emerg. Declaration Directive 045 (May 3, 2021)",32003,259356,1748,0.027,0.032,0.054,0.145,0.742,2021-06-29,534.0,427.0
1,Yes,Official,"Nev. Emerg. Declaration Directive 045 (May 3, 2021)",32003,259885,1748,0.027,0.032,0.054,0.145,0.742,2021-06-30,529.0,384.8
1,Yes,Official,"Nev. Emerg. Declaration Directive 045 (May 3, 2021)",32003,260389,1748,0.027,0.032,0.054,0.145,0.742,2021-07-01,504.0,485.6
1,Yes,Official,"Nev. Emerg. Declaration Directive 045 (May 3, 2021)",32003,260838,1748,0.027,0.032,0.054,0.145,0.742,2021-07-02,449.0,575.4
1,Yes,Official,"Nev. Emerg. Declaration Directive 045 (May 3, 2021)",32003,260838,1748,0.027,0.032,0.054,0.145,0.742,2021-07-03,0.0,403.2
1,Yes,Official,"Nev. Emerg. Declaration Directive 045 (May 3, 2021)",32003,260838,1748,0.027,0.032,0.054,0.145,0.742,2021-07-04,0.0,296.4
1,Yes,Official,"Nev. Emerg. Declaration Directive 045 (May 3, 2021)",32003,260838,1748,0.027,0.032,0.054,0.145,0.742,2021-07-05,0.0,190.6
1,Yes,Official,"Nev. Emerg. Declaration Directive 045 (May 3, 2021)",32003,262134,1748,0.027,0.032,0.054,0.145,0.742,2021-07-06,1296.0,349.0
1,Yes,Official,"Nev. Emerg. Declaration Directive 045 (May 3, 2021)",32003,262481,1748,0.027,0.032,0.054,0.145,0.742,2021-07-07,347.0,328.6
1,Yes,Official,"Nev. Emerg. Declaration Directive 045 (May 3, 2021)",32003,263144,1748,0.027,0.032,0.054,0.145,0.742,2021-07-08,663.0,461.2
1,Yes,Official,"Nev. Emerg. Declaration Directive 045 (May 3, 2021)",32003,263915,1748,0.027,0.032,0.054,0.145,0.742,2021-07-09,771.0,615.4
1,Yes,Official,"Nev. Emerg. Declaration Directive 045 (May 3, 2021)",32003,263915,1748,0.027,0.032,0.054,0.145,0.742,2021-07-10,0.0,615.4
1,Yes,Official,"Nev. Emerg. Declaration Directive 045 (May 3, 2021)",32003,263915,1748,0.027,0.032,0.054,0.145,0.742,2021-07-11,0.0,356.2
1,Yes,Official,"Nev. Emerg. Declaration Directive 045 (May 3, 2021)",32003,265462,1748,0.027,0.032,0.054,0.145,0.742,2021-07-12,1547.0,596.2
1,Yes,Official,"Nev. Emerg. Declaration Directive 045 (May 3, 2021)",32003,266224,1748,0.027,0.032,0.054,0.145,0.742,2021-07-13,762.0,616.0
1,Yes,Official,"Nev. Emerg. Declaration Directive 045 (May 3, 2021)",32003,266846,1748,0.027,0.032,0.054,0.145,0.742,2021-07-14,622.0,586.2
1,Yes,Official,"Nev. Emerg. Declaration Directive 045 (May 3, 2021)",32003,267734,1748,0.027,0.032,0.054,0.145,0.742,2021-07-15,888.0,763.8
1,Yes,Official,"Nev. Emerg. Declaration Directive 045 (May 3, 2021)",32003,268514,1748,0.027,0.032,0.054,0.145,0.742,2021-07-16,780.0,919.8
1,Yes,Official,"Nev. Emerg. Declaration Directive 045 (May 3, 2021)",32003,268514,1748,0.027,0.032,0.054,0.145,0.742,2021-07-17,0.0,610.4
1,Yes,Official,"Nev. Emerg. Declaration Directive 045 (May 3, 2021)",32003,268514,1748,0.027,0.032,0.054,0.145,0.742,2021-07-18,0.0,458.0
1,Yes,Official,"Nev. Emerg. Declaration Directive 045 (May 3, 2021)",32003,270421,1748,0.027,0.032,0.054,0.145,0.742,2021-07-19,1907.0,715.0
1,Yes,Official,"Nev. Emerg. Declaration Directive 045 (May 3, 2021)",32003,271310,1748,0.027,0.032,0.054,0.145,0.742,2021-07-20,889.0,715.2
1,Yes,Official,"Nev. Emerg. Declaration Directive 045 (May 3, 2021)",32003,272152,1748,0.027,0.032,0.054,0.145,0.742,2021-07-21,842.0,727.6
1,Yes,Official,"Nev. Emerg. Declaration Directive 045 (May 3, 2021)",32003,272979,1748,0.027,0.032,0.054,0.145,0.742,2021-07-22,827.0,893.0
1,Yes,Official,"Nev. Emerg. Declaration Directive 045 (May 3, 2021)",32003,273860,1748,0.027,0.032,0.054,0.145,0.742,2021-07-23,881.0,1069.2
1,Yes,Official,"Nev. Emerg. Declaration Directive 045 (May 3, 2021)",32003,273860,1748,0.027,0.032,0.054,0.145,0.742,2021-07-24,0.0,687.8
1,Yes,Official,"Nev. Emerg. Declaration Directive 045 (May 3, 2021)",32003,273860,1748,0.027,0.032,0.054,0.145,0.742,2021-07-25,0.0,510.0
1,Yes,Official,"Nev. Emerg. Declaration Directive 045 (May 3, 2021)",32003,275983,1748,0.027,0.032,0.054,0.145,0.742,2021-07-26,2123.0,766.2
1,Yes,Official,"Nev. Emerg. Declaration Directive 045 (May 3, 2021)",32003,276934,1748,0.027,0.032,0.054,0.145,0.742,2021-07-27,951.0,791.0
1,Yes,Official,"Nev. Emerg. Declaration Directive 045 (May 3, 2021)",32003,277982,1748,0.027,0.032,0.054,0.145,0.742,2021-07-28,1048.0,824.4
1,Yes,Official,"Nev. Emerg. Declaration Directive 045 (May 3, 2021)",32003,279142,1748,0.027,0.032,0.054,0.145,0.742,2021-07-29,1160.0,1056.4
1,Yes,Official,"Nev. Emerg. Declaration Directive 047 (July 27, 2021)",32003,280201,1748,0.027,0.032,0.054,0.145,0.742,2021-07-30,1059.0,1268.2
1,Yes,Official,"Nev. Emerg. Declaration Directive 047 (July 27, 2021)",32003,280201,1748,0.027,0.032,0.054,0.145,0.742,2021-07-31,0.0,843.6
1,Yes,Official,"Nev. Emerg. Declaration Directive 047 (July 27, 2021)",32003,280201,1748,0.027,0.032,0.054,0.145,0.742,2021-08-01,0.0,653.4
1,Yes,Official,"Nev. Emerg. Declaration Directive 047 (July 27, 2021)",32003,282357,1748,0.027,0.032,0.054,0.145,0.742,2021-08-02,2156.0,875.0
1,Yes,Official,"Nev. Emerg. Declaration Directive 047 (July 27, 2021)",32003,283321,1748,0.027,0.032,0.054,0.145,0.742,2021-08-03,964.0,835.8
1,Yes,Official,"Nev. Emerg. Declaration Directive 047 (July 27, 2021)",32003,284046,1748,0.027,0.032,0.054,0.145,0.742,2021-08-04,725.0,769.0
1,Yes,Official,"Nev. Emerg. Declaration Directive 047 (July 27, 2021)",32003,284982,1748,0.027,0.032,0.054,0.145,0.742,2021-08-05,936.0,956.2
1,Yes,Official,"Nev. Task Force Press Release (Mask guidance) (Aug. 3, 2021)",32003,285938,1748,0.027,0.032,0.054,0.145,0.742,2021-08-06,956.0,1147.4
1,Yes,Official,"Nev. Task Force Press Release (Mask guidance) (Aug. 3, 2021)",32003,285938,1748,0.027,0.032,0.054,0.145,0.742,2021-08-07,0.0,716.2
1,Yes,Official,"Nev. Task Force Press Release (Mask guidance) (Aug. 3, 2021)",32003,285938,1748,0.027,0.032,0.054,0.145,0.742,2021-08-08,0.0,523.4
1,Yes,Official,"Nev. Task Force Press Release (Mask guidance) (Aug. 3, 2021)",32003,288381,1748,0.027,0.032,0.054,0.145,0.742,2021-08-09,2443.0,867.0
1,Yes,Official,"Nev. Task Force Press Release (Mask guidance) (Aug. 3, 2021)",32003,289114,1748,0.027,0.032,0.054,0.145,0.742,2021-08-10,733.0,826.4
1,Yes,Official,"Nev. Task Force Press Release (Mask guidance) (Aug. 3, 2021)",32003,289746,1748,0.027,0.032,0.054,0.145,0.742,2021-08-11,632.0,761.6
1,Yes,Official,"Nev. Task Force Press Release (Mask guidance) (Aug. 3, 2021)",32003,290632,1748,0.027,0.032,0.054,0.145,0.742,2021-08-12,886.0,938.8
1,Yes,Official,"Nev. Task Force Press Release (Aug. 10, 2021) (Mask update)",32003,291502,1748,0.027,0.032,0.054,0.145,0.742,2021-08-13,870.0,1112.8
1,Yes,Official,"Nev. Task Force Press Release (Aug. 10, 2021) (Mask update)",32003,291502,1748,0.027,0.032,0.054,0.145,0.742,2021-08-14,0.0,624.2
1,Yes,Official,"Nev. Task Force Press Release (Aug. 10, 2021) (Mask update)",32003,291502,1748,0.027,0.032,0.054,0.145,0.742,2021-08-15,0.0,477.6
